,model,label,dataset,precision,category,count
0,microsoft/deberta-v3-small,kg cold carcass weight/head,functionalUnitQA,0.7500,recalculated_rag,
1,microsoft/deberta-v3-small,1 ha,functionalUnitQA,0.7448,recalculated_rag,
2,microsoft/deberta-v3-small,kg cold dressed carcass weight/head,functionalUnitQA,,recalculated_rag,
3,microsoft/deberta-v3-small,days,functionalUnitQA,0.6907,recalculated_rag,
4,microsoft/deberta-v3-small,relative,functionalUnitQA,0.9892,recalculated_rag,
5,microsoft/deberta-v3-small,kg,functionalUnitQA,0.5000,recalculated_rag,
6,microsoft/deberta-v3-small,unitless,functionalUnitQA,,recalculated_rag,
7,microsoft/deberta-v3-small,kg liveweight/head,functionalUnitQA,0.8381,recalculated_rag,
8,microsoft/deberta-v3-small,%,functionalUnitQA,0.4268,recalculated_rag,
9,microsoft/deberta-v3-small,kg ready-to-cook weight/head,functionalUnitQA,,recalculated_rag,
10,microsoft/deberta-v3-base,kg cold carcass weight/head,functionalUnitQA,0.8568,recalculated_rag,
11,microsoft/deberta-v3-base,1 ha,functionalUnitQA,0.8750,recalculated_rag,
12,microsoft/deberta-v3-base,kg cold dressed carcass weight/head,functionalUnitQA,,recalculated_rag,
13,microsoft/deberta-v3-base,days,functionalUnitQA,0.6907,recalculated_rag,
14,microsoft/deberta-v3-base,relative,functionalUnitQA,0.9892,recalculated_rag,
15,microsoft/deberta-v3-base,kg,functionalUnitQA,0.3333,recalculated_rag,
16,microsoft/deberta-v3-base,unitless,functionalUnitQA,,recalculated_rag,
17,microsoft/deberta-v3-base,kg liveweight/head,functionalUnitQA,0.8465,recalculated_rag,
18,microsoft/deberta-v3-base,%,functionalUnitQA,0.5455,recalculated_rag,
19,microsoft/deberta-v3-base,kg ready-to-cook weight/head,functionalUnitQA,,recalculated_rag,
20,microsoft/deberta-v3-large,kg cold carcass weight/head,functionalUnitQA,0.7082,recalculated_rag,
21,microsoft/deberta-v3-large,1 ha,functionalUnitQA,1.0000,recalculated_rag,
22,microsoft/deberta-v3-large,kg cold dressed carcass weight/head,functionalUnitQA,,recalculated_rag,
23,microsoft/deberta-v3-large,days,functionalUnitQA,0.4476,recalculated_rag,
24,microsoft/deberta-v3-large,relative,functionalUnitQA,0.9892,recalculated_rag,
25,microsoft/deberta-v3-large,kg,functionalUnitQA,1.0000,recalculated_rag,
26,microsoft/deberta-v3-large,unitless,functionalUnitQA,,recalculated_rag,
27,microsoft/deberta-v3-large,kg liveweight/head,functionalUnitQA,0.8330,recalculated_rag,
28,microsoft/deberta-v3-large,%,functionalUnitQA,0.8434,recalculated_rag,
29,microsoft/deberta-v3-large,kg ready-to-cook weight/head,functionalUnitQA,,recalculated_rag,
30,google-bert/bert-base-uncased,kg cold carcass weight/head,functionalUnitQA,0.8103,recalculated_rag,
31,google-bert/bert-base-uncased,1 ha,functionalUnitQA,1.0000,recalculated_rag,
32,google-bert/bert-base-uncased,kg cold dressed carcass weight/head,functionalUnitQA,,recalculated_rag,
33,google-bert/bert-base-uncased,days,functionalUnitQA,0.5827,recalculated_rag,
34,google-bert/bert-base-uncased,relative,functionalUnitQA,1.0000,recalculated_rag,
35,google-bert/bert-base-uncased,kg,functionalUnitQA,1.0000,recalculated_rag,
36,google-bert/bert-base-uncased,unitless,functionalUnitQA,,recalculated_rag,
37,google-bert/bert-base-uncased,kg liveweight/head,functionalUnitQA,0.8330,recalculated_rag,
38,google-bert/bert-base-uncased,%,functionalUnitQA,0.7045,recalculated_rag,
39,google-bert/bert-base-uncased,kg ready-to-cook weight/head,functionalUnitQA,,recalculated_rag,
40,FacebookAI/roberta-large,kg cold carcass weight/head,functionalUnitQA,0.7500,recalculated_rag,
41,FacebookAI/roberta-large,1 ha,functionalUnitQA,1.0000,recalculated_rag,
42,FacebookAI/roberta-large,kg cold dressed carcass weight/head,functionalUnitQA,,recalculated_rag,
43,FacebookAI/roberta-large,days,functionalUnitQA,0.7702,recalculated_rag,
44,FacebookAI/roberta-large,relative,functionalUnitQA,0.9787,recalculated_rag,
45,FacebookAI/roberta-large,kg,functionalUnitQA,0.0101,recalculated_rag,
46,FacebookAI/roberta-large,unitless,functionalUnitQA,,recalculated_rag,
47,FacebookAI/roberta-large,kg liveweight/head,functionalUnitQA,0.8381,recalculated_rag,
48,FacebookAI/roberta-large,%,functionalUnitQA,0.8434,recalculated_rag,
49,FacebookAI/roberta-large,kg ready-to-cook weight/head,functionalUnitQA,,recalculated_rag,
50,climatebert/distilroberta-base-climate-f,kg cold carcass weight/head,functionalUnitQA,0.8568,recalculated_rag,
51,climatebert/distilroberta-base-climate-f,1 ha,functionalUnitQA,1.0000,recalculated_rag,
52,climatebert/distilroberta-base-climate-f,kg cold dressed carcass weight/head,functionalUnitQA,,recalculated_rag,
53,climatebert/distilroberta-base-climate-f,days,functionalUnitQA,0.7757,recalculated_rag,
54,climatebert/distilroberta-base-climate-f,relative,functionalUnitQA,0.9892,recalculated_rag,
55,climatebert/distilroberta-base-climate-f,kg,functionalUnitQA,0.3333,recalculated_rag,
56,climatebert/distilroberta-base-climate-f,unitless,functionalUnitQA,,recalculated_rag,
57,climatebert/distilroberta-base-climate-f,kg liveweight/head,functionalUnitQA,0.8330,recalculated_rag,
58,climatebert/distilroberta-base-climate-f,%,functionalUnitQA,0.7045,recalculated_rag,
59,climatebert/distilroberta-base-climate-f,kg ready-to-cook weight/head,functionalUnitQA,,recalculated_rag,
60,ESGBERT/EnvironmentalBERT-base,kg cold carcass weight/head,functionalUnitQA,0.7200,recalculated_rag,
61,ESGBERT/EnvironmentalBERT-base,1 ha,functionalUnitQA,1.0000,recalculated_rag,
62,ESGBERT/EnvironmentalBERT-base,kg cold dressed carcass weight/head,functionalUnitQA,,recalculated_rag,
63,ESGBERT/EnvironmentalBERT-base,days,functionalUnitQA,0.5827,recalculated_rag,
64,ESGBERT/EnvironmentalBERT-base,relative,functionalUnitQA,0.9892,recalculated_rag,
65,ESGBERT/EnvironmentalBERT-base,kg,functionalUnitQA,1.0000,recalculated_rag,
66,ESGBERT/EnvironmentalBERT-base,unitless,functionalUnitQA,,recalculated_rag,
67,ESGBERT/EnvironmentalBERT-base,kg liveweight/head,functionalUnitQA,0.8465,recalculated_rag,
68,ESGBERT/EnvironmentalBERT-base,%,functionalUnitQA,0.7045,recalculated_rag,
69,ESGBERT/EnvironmentalBERT-base,kg ready-to-cook weight/head,functionalUnitQA,,recalculated_rag,
70,microsoft/deberta-v3-small,"Meat, beef cattle (cold carcass weight)",productQA,,recalculated_rag,
71,microsoft/deberta-v3-small,Layer chicken,productQA,0.8000,recalculated_rag,
72,microsoft/deberta-v3-small,Pig,productQA,1.0000,recalculated_rag,
73,microsoft/deberta-v3-small,"Meat, beef cattle (cold dressed carcass weight)",productQA,1.0000,recalculated_rag,
74,microsoft/deberta-v3-small,Dairy cattle,productQA,1.0000,recalculated_rag,
75,microsoft/deberta-v3-small,Milk,productQA,0.5000,recalculated_rag,
76,microsoft/deberta-v3-small,Cream,productQA,,recalculated_rag,
77,microsoft/deberta-v3-small,"Beef cattle, calf (male, weaned)",productQA,1.0000,recalculated_rag,
78,microsoft/deberta-v3-small,"Beef cattle, cow",productQA,,recalculated_rag,
79,microsoft/deberta-v3-small,"Whey, liquid",productQA,1.0000,recalculated_rag,
80,microsoft/deberta-v3-small,Wastewater (kg mass),productQA,1.0000,recalculated_rag,
81,microsoft/deberta-v3-small,"Milk, cow, raw (FPCM)",productQA,1.0000,recalculated_rag,
82,microsoft/deberta-v3-small,"Meat, chicken, wings",productQA,1.0000,recalculated_rag,
83,microsoft/deberta-v3-small,"Beef cattle, heifer and steer",productQA,,recalculated_rag,
84,microsoft/deberta-v3-small,"Meat, dairy cattle (cold carcass weight)",productQA,,recalculated_rag,
85,microsoft/deberta-v3-small,Buttermilk,productQA,,recalculated_rag,
86,microsoft/deberta-v3-small,"Pig, sow",productQA,1.0000,recalculated_rag,
87,microsoft/deberta-v3-small,"Cattle, urine (kg mass)",productQA,,recalculated_rag,
88,microsoft/deberta-v3-small,"Beef cattle, calf (female, weaned)",productQA,1.0000,recalculated_rag,
89,microsoft/deberta-v3-small,Yoghurt,productQA,1.0000,recalculated_rag,
90,microsoft/deberta-v3-small,"Meat, beef cattle (liveweight)",productQA,1.0000,recalculated_rag,
91,microsoft/deberta-v3-small,"Dairy cattle, heifer",productQA,1.0000,recalculated_rag,
92,microsoft/deberta-v3-small,"Sheep, ram",productQA,1.0000,recalculated_rag,
93,microsoft/deberta-v3-small,Caciotta,productQA,0.5000,recalculated_rag,
94,microsoft/deberta-v3-small,"Electricity, produced on",productQA,0.0202,recalculated_rag,
95,microsoft/deberta-v3-small,Fresh cheese,productQA,,recalculated_rag,
96,microsoft/deberta-v3-small,Electricity,productQA,0.0202,recalculated_rag,
97,microsoft/deberta-v3-small,"Sheep, ewe",productQA,1.0000,recalculated_rag,
98,microsoft/deberta-v3-small,"Dairy cattle, calf (male, unweaned)",productQA,,recalculated_rag,
99,microsoft/deberta-v3-small,"Beef cattle, calf (weaned)",productQA,,recalculated_rag,
100,microsoft/deberta-v3-small,"Meat, pig (cold dressed carcass weight)",productQA,1.0000,recalculated_rag,
101,microsoft/deberta-v3-small,"Dairy cattle, calf (female, weaned)",productQA,,recalculated_rag,
102,microsoft/deberta-v3-small,Whey,productQA,1.0000,recalculated_rag,
103,microsoft/deberta-v3-small,Cattle,productQA,,recalculated_rag,
104,microsoft/deberta-v3-small,"Dairy cattle, calf (weaned)",productQA,,recalculated_rag,
105,microsoft/deberta-v3-small,"Dairy cattle, calf",productQA,,recalculated_rag,
106,microsoft/deberta-v3-small,Sheep,productQA,1.0000,recalculated_rag,
107,microsoft/deberta-v3-small,"Meat, chicken, breast",productQA,,recalculated_rag,
108,microsoft/deberta-v3-small,"Beef cattle, bull",productQA,1.0000,recalculated_rag,
109,microsoft/deberta-v3-small,"Cream, cow, raw",productQA,,recalculated_rag,
110,microsoft/deberta-v3-small,"Broiler chicken, hen",productQA,1.0000,recalculated_rag,
111,microsoft/deberta-v3-small,"Broiler chicken, chick",productQA,,recalculated_rag,
112,microsoft/deberta-v3-small,"Sheep, lamb (weaned)",productQA,1.0000,recalculated_rag,
113,microsoft/deberta-v3-small,"Meat, dairy cattle (liveweight)",productQA,1.0000,recalculated_rag,
114,microsoft/deberta-v3-small,"Layer chicken, pullet",productQA,1.0000,recalculated_rag,
115,microsoft/deberta-v3-small,Broiler chicken,productQA,1.0000,recalculated_rag,
116,microsoft/deberta-v3-small,Beef cattle,productQA,1.0000,recalculated_rag,
117,microsoft/deberta-v3-small,"Cheese, cow",productQA,1.0000,recalculated_rag,
118,microsoft/deberta-v3-small,"Eggs, hen, in shell",productQA,,recalculated_rag,
119,microsoft/deberta-v3-small,"Cheese, sheep",productQA,,recalculated_rag,
120,microsoft/deberta-v3-small,Eggs,productQA,1.0000,recalculated_rag,
121,microsoft/deberta-v3-small,"Layer chicken, hen",productQA,1.0000,recalculated_rag,
122,microsoft/deberta-v3-small,"Sheep, lamb",productQA,1.0000,recalculated_rag,
123,microsoft/deberta-v3-small,"Milk, cow, raw",productQA,0.3333,recalculated_rag,
124,microsoft/deberta-v3-small,"Beef cattle, steer",productQA,1.0000,recalculated_rag,
125,microsoft/deberta-v3-small,Butter,productQA,0.5000,recalculated_rag,
126,microsoft/deberta-v3-small,Poultry by,productQA,,recalculated_rag,
127,microsoft/deberta-v3-small,"Dairy cattle, cow",productQA,1.0000,recalculated_rag,
128,microsoft/deberta-v3-small,"Pig, piglet",productQA,1.0000,recalculated_rag,
129,microsoft/deberta-v3-small,"Meat, chicken, leg",productQA,,recalculated_rag,
130,microsoft/deberta-v3-small,"Meat, chicken (cold carcass weight)",productQA,,recalculated_rag,
131,microsoft/deberta-v3-small,"Whey, powder",productQA,,recalculated_rag,
132,microsoft/deberta-v3-small,Cheese,productQA,1.0000,recalculated_rag,
133,microsoft/deberta-v3-small,Soft,productQA,1.0000,recalculated_rag,
134,microsoft/deberta-v3-small,"Eggs, hen, in shell (number)",productQA,1.0000,recalculated_rag,
135,microsoft/deberta-v3-small,Meat,productQA,1.0000,recalculated_rag,
136,microsoft/deberta-v3-small,"Meat, chicken (liveweight)",productQA,,recalculated_rag,
137,microsoft/deberta-v3-small,"Beef cattle, heifer",productQA,1.0000,recalculated_rag,
138,microsoft/deberta-v3-small,Ricotta,productQA,0.5000,recalculated_rag,
139,microsoft/deberta-v3-small,Ripened cheese,productQA,0.6000,recalculated_rag,
140,microsoft/deberta-v3-base,"Meat, beef cattle (cold carcass weight)",productQA,,recalculated_rag,
141,microsoft/deberta-v3-base,Layer chicken,productQA,1.0000,recalculated_rag,
142,microsoft/deberta-v3-base,Pig,productQA,1.0000,recalculated_rag,
143,microsoft/deberta-v3-base,"Meat, beef cattle (cold dressed carcass weight)",productQA,1.0000,recalculated_rag,
144,microsoft/deberta-v3-base,Dairy cattle,productQA,1.0000,recalculated_rag,
145,microsoft/deberta-v3-base,Milk,productQA,1.0000,recalculated_rag,
146,microsoft/deberta-v3-base,Cream,productQA,,recalculated_rag,
147,microsoft/deberta-v3-base,"Beef cattle, calf (male, weaned)",productQA,1.0000,recalculated_rag,
148,microsoft/deberta-v3-base,"Beef cattle, cow",productQA,,recalculated_rag,
149,microsoft/deberta-v3-base,"Whey, liquid",productQA,1.0000,recalculated_rag,
150,microsoft/deberta-v3-base,Wastewater (kg mass),productQA,0.7500,recalculated_rag,
151,microsoft/deberta-v3-base,"Milk, cow, raw (FPCM)",productQA,1.0000,recalculated_rag,
152,microsoft/deberta-v3-base,"Meat, chicken, wings",productQA,1.0000,recalculated_rag,
153,microsoft/deberta-v3-base,"Beef cattle, heifer and steer",productQA,,recalculated_rag,
154,microsoft/deberta-v3-base,"Meat, dairy cattle (cold carcass weight)",productQA,,recalculated_rag,
155,microsoft/deberta-v3-base,Buttermilk,productQA,,recalculated_rag,
156,microsoft/deberta-v3-base,"Pig, sow",productQA,1.0000,recalculated_rag,
157,microsoft/deberta-v3-base,"Cattle, urine (kg mass)",productQA,,recalculated_rag,
158,microsoft/deberta-v3-base,"Beef cattle, calf (female, weaned)",productQA,1.0000,recalculated_rag,
159,microsoft/deberta-v3-base,Yoghurt,productQA,1.0000,recalculated_rag,
160,microsoft/deberta-v3-base,"Meat, beef cattle (liveweight)",productQA,1.0000,recalculated_rag,
161,microsoft/deberta-v3-base,"Dairy cattle, heifer",productQA,1.0000,recalculated_rag,
162,microsoft/deberta-v3-base,"Sheep, ram",productQA,1.0000,recalculated_rag,
163,microsoft/deberta-v3-base,Caciotta,productQA,1.0000,recalculated_rag,
164,microsoft/deberta-v3-base,"Electricity, produced on",productQA,0.0202,recalculated_rag,
165,microsoft/deberta-v3-base,Fresh cheese,productQA,,recalculated_rag,
166,microsoft/deberta-v3-base,Electricity,productQA,0.0202,recalculated_rag,
167,microsoft/deberta-v3-base,"Sheep, ewe",productQA,1.0000,recalculated_rag,
168,microsoft/deberta-v3-base,"Dairy cattle, calf (male, unweaned)",productQA,,recalculated_rag,
169,microsoft/deberta-v3-base,"Beef cattle, calf (weaned)",productQA,,recalculated_rag,
170,microsoft/deberta-v3-base,"Meat, pig (cold dressed carcass weight)",productQA,1.0000,recalculated_rag,
171,microsoft/deberta-v3-base,"Dairy cattle, calf (female, weaned)",productQA,,recalculated_rag,
172,microsoft/deberta-v3-base,Whey,productQA,1.0000,recalculated_rag,
173,microsoft/deberta-v3-base,Cattle,productQA,,recalculated_rag,
174,microsoft/deberta-v3-base,"Dairy cattle, calf (weaned)",productQA,,recalculated_rag,
175,microsoft/deberta-v3-base,"Dairy cattle, calf",productQA,,recalculated_rag,
176,microsoft/deberta-v3-base,Sheep,productQA,1.0000,recalculated_rag,
177,microsoft/deberta-v3-base,"Meat, chicken, breast",productQA,,recalculated_rag,
178,microsoft/deberta-v3-base,"Beef cattle, bull",productQA,1.0000,recalculated_rag,
179,microsoft/deberta-v3-base,"Cream, cow, raw",productQA,,recalculated_rag,
180,microsoft/deberta-v3-base,"Broiler chicken, hen",productQA,1.0000,recalculated_rag,
181,microsoft/deberta-v3-base,"Broiler chicken, chick",productQA,,recalculated_rag,
182,microsoft/deberta-v3-base,"Sheep, lamb (weaned)",productQA,1.0000,recalculated_rag,
183,microsoft/deberta-v3-base,"Meat, dairy cattle (liveweight)",productQA,1.0000,recalculated_rag,
184,microsoft/deberta-v3-base,"Layer chicken, pullet",productQA,1.0000,recalculated_rag,
185,microsoft/deberta-v3-base,Broiler chicken,productQA,1.0000,recalculated_rag,
186,microsoft/deberta-v3-base,Beef cattle,productQA,1.0000,recalculated_rag,
187,microsoft/deberta-v3-base,"Cheese, cow",productQA,1.0000,recalculated_rag,
188,microsoft/deberta-v3-base,"Eggs, hen, in shell",productQA,,recalculated_rag,
189,microsoft/deberta-v3-base,"Cheese, sheep",productQA,,recalculated_rag,
190,microsoft/deberta-v3-base,Eggs,productQA,1.0000,recalculated_rag,
191,microsoft/deberta-v3-base,"Layer chicken, hen",productQA,1.0000,recalculated_rag,
192,microsoft/deberta-v3-base,"Sheep, lamb",productQA,1.0000,recalculated_rag,
193,microsoft/deberta-v3-base,"Milk, cow, raw",productQA,1.0000,recalculated_rag,
194,microsoft/deberta-v3-base,"Beef cattle, steer",productQA,1.0000,recalculated_rag,
195,microsoft/deberta-v3-base,Butter,productQA,1.0000,recalculated_rag,
196,microsoft/deberta-v3-base,Poultry by,productQA,,recalculated_rag,
197,microsoft/deberta-v3-base,"Dairy cattle, cow",productQA,1.0000,recalculated_rag,
198,microsoft/deberta-v3-base,"Pig, piglet",productQA,1.0000,recalculated_rag,
199,microsoft/deberta-v3-base,"Meat, chicken, leg",productQA,,recalculated_rag,
200,microsoft/deberta-v3-base,"Meat, chicken (cold carcass weight)",productQA,,recalculated_rag,
201,microsoft/deberta-v3-base,"Whey, powder",productQA,,recalculated_rag,
202,microsoft/deberta-v3-base,Cheese,productQA,0.6667,recalculated_rag,
203,microsoft/deberta-v3-base,Soft,productQA,1.0000,recalculated_rag,
204,microsoft/deberta-v3-base,"Eggs, hen, in shell (number)",productQA,1.0000,recalculated_rag,
205,microsoft/deberta-v3-base,Meat,productQA,1.0000,recalculated_rag,
206,microsoft/deberta-v3-base,"Meat, chicken (liveweight)",productQA,,recalculated_rag,
207,microsoft/deberta-v3-base,"Beef cattle, heifer",productQA,1.0000,recalculated_rag,
208,microsoft/deberta-v3-base,Ricotta,productQA,1.0000,recalculated_rag,
209,microsoft/deberta-v3-base,Ripened cheese,productQA,1.0000,recalculated_rag,
210,microsoft/deberta-v3-large,"Meat, beef cattle (cold carcass weight)",productQA,,recalculated_rag,
211,microsoft/deberta-v3-large,Layer chicken,productQA,1.0000,recalculated_rag,
212,microsoft/deberta-v3-large,Pig,productQA,0.9286,recalculated_rag,
213,microsoft/deberta-v3-large,"Meat, beef cattle (cold dressed carcass weight)",productQA,1.0000,recalculated_rag,
214,microsoft/deberta-v3-large,Dairy cattle,productQA,1.0000,recalculated_rag,
215,microsoft/deberta-v3-large,Milk,productQA,1.0000,recalculated_rag,
216,microsoft/deberta-v3-large,Cream,productQA,,recalculated_rag,
217,microsoft/deberta-v3-large,"Beef cattle, calf (male, weaned)",productQA,1.0000,recalculated_rag,
218,microsoft/deberta-v3-large,"Beef cattle, cow",productQA,,recalculated_rag,
219,microsoft/deberta-v3-large,"Whey, liquid",productQA,1.0000,recalculated_rag,
220,microsoft/deberta-v3-large,Wastewater (kg mass),productQA,1.0000,recalculated_rag,
221,microsoft/deberta-v3-large,"Milk, cow, raw (FPCM)",productQA,1.0000,recalculated_rag,
222,microsoft/deberta-v3-large,"Meat, chicken, wings",productQA,1.0000,recalculated_rag,
223,microsoft/deberta-v3-large,"Beef cattle, heifer and steer",productQA,,recalculated_rag,
224,microsoft/deberta-v3-large,"Meat, dairy cattle (cold carcass weight)",productQA,,recalculated_rag,
225,microsoft/deberta-v3-large,Buttermilk,productQA,,recalculated_rag,
226,microsoft/deberta-v3-large,"Pig, sow",productQA,1.0000,recalculated_rag,
227,microsoft/deberta-v3-large,"Cattle, urine (kg mass)",productQA,,recalculated_rag,
228,microsoft/deberta-v3-large,"Beef cattle, calf (female, weaned)",productQA,1.0000,recalculated_rag,
229,microsoft/deberta-v3-large,Yoghurt,productQA,1.0000,recalculated_rag,
230,microsoft/deberta-v3-large,"Meat, beef cattle (liveweight)",productQA,1.0000,recalculated_rag,
231,microsoft/deberta-v3-large,"Dairy cattle, heifer",productQA,1.0000,recalculated_rag,
232,microsoft/deberta-v3-large,"Sheep, ram",productQA,1.0000,recalculated_rag,
233,microsoft/deberta-v3-large,Caciotta,productQA,1.0000,recalculated_rag,
234,microsoft/deberta-v3-large,"Electricity, produced on",productQA,0.0202,recalculated_rag,
235,microsoft/deberta-v3-large,Fresh cheese,productQA,,recalculated_rag,
236,microsoft/deberta-v3-large,Electricity,productQA,0.0202,recalculated_rag,
237,microsoft/deberta-v3-large,"Sheep, ewe",productQA,1.0000,recalculated_rag,
238,microsoft/deberta-v3-large,"Dairy cattle, calf (male, unweaned)",productQA,,recalculated_rag,
239,microsoft/deberta-v3-large,"Beef cattle, calf (weaned)",productQA,,recalculated_rag,
240,microsoft/deberta-v3-large,"Meat, pig (cold dressed carcass weight)",productQA,1.0000,recalculated_rag,
241,microsoft/deberta-v3-large,"Dairy cattle, calf (female, weaned)",productQA,,recalculated_rag,
242,microsoft/deberta-v3-large,Whey,productQA,1.0000,recalculated_rag,
243,microsoft/deberta-v3-large,Cattle,productQA,,recalculated_rag,
244,microsoft/deberta-v3-large,"Dairy cattle, calf (weaned)",productQA,,recalculated_rag,
245,microsoft/deberta-v3-large,"Dairy cattle, calf",productQA,,recalculated_rag,
246,microsoft/deberta-v3-large,Sheep,productQA,1.0000,recalculated_rag,
247,microsoft/deberta-v3-large,"Meat, chicken, breast",productQA,,recalculated_rag,
248,microsoft/deberta-v3-large,"Beef cattle, bull",productQA,1.0000,recalculated_rag,
249,microsoft/deberta-v3-large,"Cream, cow, raw",productQA,,recalculated_rag,
250,microsoft/deberta-v3-large,"Broiler chicken, hen",productQA,1.0000,recalculated_rag,
251,microsoft/deberta-v3-large,"Broiler chicken, chick",productQA,,recalculated_rag,
252,microsoft/deberta-v3-large,"Sheep, lamb (weaned)",productQA,1.0000,recalculated_rag,
253,microsoft/deberta-v3-large,"Meat, dairy cattle (liveweight)",productQA,1.0000,recalculated_rag,
254,microsoft/deberta-v3-large,"Layer chicken, pullet",productQA,1.0000,recalculated_rag,
255,microsoft/deberta-v3-large,Broiler chicken,productQA,1.0000,recalculated_rag,
256,microsoft/deberta-v3-large,Beef cattle,productQA,1.0000,recalculated_rag,
257,microsoft/deberta-v3-large,"Cheese, cow",productQA,1.0000,recalculated_rag,
258,microsoft/deberta-v3-large,"Eggs, hen, in shell",productQA,,recalculated_rag,
259,microsoft/deberta-v3-large,"Cheese, sheep",productQA,,recalculated_rag,
260,microsoft/deberta-v3-large,Eggs,productQA,1.0000,recalculated_rag,
261,microsoft/deberta-v3-large,"Layer chicken, hen",productQA,1.0000,recalculated_rag,
262,microsoft/deberta-v3-large,"Sheep, lamb",productQA,1.0000,recalculated_rag,
263,microsoft/deberta-v3-large,"Milk, cow, raw",productQA,1.0000,recalculated_rag,
264,microsoft/deberta-v3-large,"Beef cattle, steer",productQA,1.0000,recalculated_rag,
265,microsoft/deberta-v3-large,Butter,productQA,1.0000,recalculated_rag,
266,microsoft/deberta-v3-large,Poultry by,productQA,,recalculated_rag,
267,microsoft/deberta-v3-large,"Dairy cattle, cow",productQA,1.0000,recalculated_rag,
268,microsoft/deberta-v3-large,"Pig, piglet",productQA,1.0000,recalculated_rag,
269,microsoft/deberta-v3-large,"Meat, chicken, leg",productQA,,recalculated_rag,
270,microsoft/deberta-v3-large,"Meat, chicken (cold carcass weight)",productQA,,recalculated_rag,
271,microsoft/deberta-v3-large,"Whey, powder",productQA,,recalculated_rag,
272,microsoft/deberta-v3-large,Cheese,productQA,1.0000,recalculated_rag,
273,microsoft/deberta-v3-large,Soft,productQA,1.0000,recalculated_rag,
274,microsoft/deberta-v3-large,"Eggs, hen, in shell (number)",productQA,1.0000,recalculated_rag,
275,microsoft/deberta-v3-large,Meat,productQA,1.0000,recalculated_rag,
276,microsoft/deberta-v3-large,"Meat, chicken (liveweight)",productQA,,recalculated_rag,
277,microsoft/deberta-v3-large,"Beef cattle, heifer",productQA,1.0000,recalculated_rag,
278,microsoft/deberta-v3-large,Ricotta,productQA,1.0000,recalculated_rag,
279,microsoft/deberta-v3-large,Ripened cheese,productQA,1.0000,recalculated_rag,
280,google-bert/bert-base-uncased,"Meat, beef cattle (cold carcass weight)",productQA,,recalculated_rag,
281,google-bert/bert-base-uncased,Layer chicken,productQA,1.0000,recalculated_rag,
282,google-bert/bert-base-uncased,Pig,productQA,0.9286,recalculated_rag,
283,google-bert/bert-base-uncased,"Meat, beef cattle (cold dressed carcass weight)",productQA,1.0000,recalculated_rag,
284,google-bert/bert-base-uncased,Dairy cattle,productQA,1.0000,recalculated_rag,
285,google-bert/bert-base-uncased,Milk,productQA,1.0000,recalculated_rag,
286,google-bert/bert-base-uncased,Cream,productQA,,recalculated_rag,
287,google-bert/bert-base-uncased,"Beef cattle, calf (male, weaned)",productQA,1.0000,recalculated_rag,
288,google-bert/bert-base-uncased,"Beef cattle, cow",productQA,,recalculated_rag,
289,google-bert/bert-base-uncased,"Whey, liquid",productQA,1.0000,recalculated_rag,
290,google-bert/bert-base-uncased,Wastewater (kg mass),productQA,0.7500,recalculated_rag,
291,google-bert/bert-base-uncased,"Milk, cow, raw (FPCM)",productQA,1.0000,recalculated_rag,
292,google-bert/bert-base-uncased,"Meat, chicken, wings",productQA,1.0000,recalculated_rag,
293,google-bert/bert-base-uncased,"Beef cattle, heifer and steer",productQA,,recalculated_rag,
294,google-bert/bert-base-uncased,"Meat, dairy cattle (cold carcass weight)",productQA,,recalculated_rag,
295,google-bert/bert-base-uncased,Buttermilk,productQA,,recalculated_rag,
296,google-bert/bert-base-uncased,"Pig, sow",productQA,1.0000,recalculated_rag,
297,google-bert/bert-base-uncased,"Cattle, urine (kg mass)",productQA,,recalculated_rag,
298,google-bert/bert-base-uncased,"Beef cattle, calf (female, weaned)",productQA,1.0000,recalculated_rag,
299,google-bert/bert-base-uncased,Yoghurt,productQA,1.0000,recalculated_rag,
300,google-bert/bert-base-uncased,"Meat, beef cattle (liveweight)",productQA,1.0000,recalculated_rag,
301,google-bert/bert-base-uncased,"Dairy cattle, heifer",productQA,1.0000,recalculated_rag,
302,google-bert/bert-base-uncased,"Sheep, ram",productQA,1.0000,recalculated_rag,
303,google-bert/bert-base-uncased,Caciotta,productQA,1.0000,recalculated_rag,
304,google-bert/bert-base-uncased,"Electricity, produced on",productQA,0.0202,recalculated_rag,
305,google-bert/bert-base-uncased,Fresh cheese,productQA,,recalculated_rag,
306,google-bert/bert-base-uncased,Electricity,productQA,0.0202,recalculated_rag,
307,google-bert/bert-base-uncased,"Sheep, ewe",productQA,1.0000,recalculated_rag,
308,google-bert/bert-base-uncased,"Dairy cattle, calf (male, unweaned)",productQA,,recalculated_rag,
309,google-bert/bert-base-uncased,"Beef cattle, calf (weaned)",productQA,,recalculated_rag,
310,google-bert/bert-base-uncased,"Meat, pig (cold dressed carcass weight)",productQA,1.0000,recalculated_rag,
311,google-bert/bert-base-uncased,"Dairy cattle, calf (female, weaned)",productQA,,recalculated_rag,
312,google-bert/bert-base-uncased,Whey,productQA,1.0000,recalculated_rag,
313,google-bert/bert-base-uncased,Cattle,productQA,,recalculated_rag,
314,google-bert/bert-base-uncased,"Dairy cattle, calf (weaned)",productQA,,recalculated_rag,
315,google-bert/bert-base-uncased,"Dairy cattle, calf",productQA,,recalculated_rag,
316,google-bert/bert-base-uncased,Sheep,productQA,1.0000,recalculated_rag,
317,google-bert/bert-base-uncased,"Meat, chicken, breast",productQA,,recalculated_rag,
318,google-bert/bert-base-uncased,"Beef cattle, bull",productQA,1.0000,recalculated_rag,
319,google-bert/bert-base-uncased,"Cream, cow, raw",productQA,,recalculated_rag,
320,google-bert/bert-base-uncased,"Broiler chicken, hen",productQA,1.0000,recalculated_rag,
321,google-bert/bert-base-uncased,"Broiler chicken, chick",productQA,,recalculated_rag,
322,google-bert/bert-base-uncased,"Sheep, lamb (weaned)",productQA,1.0000,recalculated_rag,
323,google-bert/bert-base-uncased,"Meat, dairy cattle (liveweight)",productQA,1.0000,recalculated_rag,
324,google-bert/bert-base-uncased,"Layer chicken, pullet",productQA,1.0000,recalculated_rag,
325,google-bert/bert-base-uncased,Broiler chicken,productQA,1.0000,recalculated_rag,
326,google-bert/bert-base-uncased,Beef cattle,productQA,1.0000,recalculated_rag,
327,google-bert/bert-base-uncased,"Cheese, cow",productQA,1.0000,recalculated_rag,
328,google-bert/bert-base-uncased,"Eggs, hen, in shell",productQA,,recalculated_rag,
329,google-bert/bert-base-uncased,"Cheese, sheep",productQA,,recalculated_rag,
330,google-bert/bert-base-uncased,Eggs,productQA,1.0000,recalculated_rag,
331,google-bert/bert-base-uncased,"Layer chicken, hen",productQA,1.0000,recalculated_rag,
332,google-bert/bert-base-uncased,"Sheep, lamb",productQA,1.0000,recalculated_rag,
333,google-bert/bert-base-uncased,"Milk, cow, raw",productQA,1.0000,recalculated_rag,
334,google-bert/bert-base-uncased,"Beef cattle, steer",productQA,1.0000,recalculated_rag,
335,google-bert/bert-base-uncased,Butter,productQA,1.0000,recalculated_rag,
336,google-bert/bert-base-uncased,Poultry by,productQA,,recalculated_rag,
337,google-bert/bert-base-uncased,"Dairy cattle, cow",productQA,1.0000,recalculated_rag,
338,google-bert/bert-base-uncased,"Pig, piglet",productQA,1.0000,recalculated_rag,
339,google-bert/bert-base-uncased,"Meat, chicken, leg",productQA,,recalculated_rag,
340,google-bert/bert-base-uncased,"Meat, chicken (cold carcass weight)",productQA,,recalculated_rag,
341,google-bert/bert-base-uncased,"Whey, powder",productQA,,recalculated_rag,
342,google-bert/bert-base-uncased,Cheese,productQA,1.0000,recalculated_rag,
343,google-bert/bert-base-uncased,Soft,productQA,1.0000,recalculated_rag,
344,google-bert/bert-base-uncased,"Eggs, hen, in shell (number)",productQA,1.0000,recalculated_rag,
345,google-bert/bert-base-uncased,Meat,productQA,1.0000,recalculated_rag,
346,google-bert/bert-base-uncased,"Meat, chicken (liveweight)",productQA,,recalculated_rag,
347,google-bert/bert-base-uncased,"Beef cattle, heifer",productQA,1.0000,recalculated_rag,
348,google-bert/bert-base-uncased,Ricotta,productQA,1.0000,recalculated_rag,
349,google-bert/bert-base-uncased,Ripened cheese,productQA,1.0000,recalculated_rag,
350,FacebookAI/roberta-large,"Meat, beef cattle (cold carcass weight)",productQA,,recalculated_rag,
351,FacebookAI/roberta-large,Layer chicken,productQA,1.0000,recalculated_rag,
352,FacebookAI/roberta-large,Pig,productQA,1.0000,recalculated_rag,
353,FacebookAI/roberta-large,"Meat, beef cattle (cold dressed carcass weight)",productQA,1.0000,recalculated_rag,
354,FacebookAI/roberta-large,Dairy cattle,productQA,1.0000,recalculated_rag,
355,FacebookAI/roberta-large,Milk,productQA,1.0000,recalculated_rag,
356,FacebookAI/roberta-large,Cream,productQA,,recalculated_rag,
357,FacebookAI/roberta-large,"Beef cattle, calf (male, weaned)",productQA,1.0000,recalculated_rag,
358,FacebookAI/roberta-large,"Beef cattle, cow",productQA,,recalculated_rag,
359,FacebookAI/roberta-large,"Whey, liquid",productQA,1.0000,recalculated_rag,
360,FacebookAI/roberta-large,Wastewater (kg mass),productQA,1.0000,recalculated_rag,
361,FacebookAI/roberta-large,"Milk, cow, raw (FPCM)",productQA,1.0000,recalculated_rag,
362,FacebookAI/roberta-large,"Meat, chicken, wings",productQA,1.0000,recalculated_rag,
363,FacebookAI/roberta-large,"Beef cattle, heifer and steer",productQA,,recalculated_rag,
364,FacebookAI/roberta-large,"Meat, dairy cattle (cold carcass weight)",productQA,,recalculated_rag,
365,FacebookAI/roberta-large,Buttermilk,productQA,,recalculated_rag,
366,FacebookAI/roberta-large,"Pig, sow",productQA,1.0000,recalculated_rag,
367,FacebookAI/roberta-large,"Cattle, urine (kg mass)",productQA,,recalculated_rag,
368,FacebookAI/roberta-large,"Beef cattle, calf (female, weaned)",productQA,1.0000,recalculated_rag,
369,FacebookAI/roberta-large,Yoghurt,productQA,1.0000,recalculated_rag,
370,FacebookAI/roberta-large,"Meat, beef cattle (liveweight)",productQA,1.0000,recalculated_rag,
371,FacebookAI/roberta-large,"Dairy cattle, heifer",productQA,1.0000,recalculated_rag,
372,FacebookAI/roberta-large,"Sheep, ram",productQA,1.0000,recalculated_rag,
373,FacebookAI/roberta-large,Caciotta,productQA,1.0000,recalculated_rag,
374,FacebookAI/roberta-large,"Electricity, produced on",productQA,0.0202,recalculated_rag,
375,FacebookAI/roberta-large,Fresh cheese,productQA,,recalculated_rag,
376,FacebookAI/roberta-large,Electricity,productQA,0.0202,recalculated_rag,
377,FacebookAI/roberta-large,"Sheep, ewe",productQA,1.0000,recalculated_rag,
378,FacebookAI/roberta-large,"Dairy cattle, calf (male, unweaned)",productQA,,recalculated_rag,
379,FacebookAI/roberta-large,"Beef cattle, calf (weaned)",productQA,,recalculated_rag,
380,FacebookAI/roberta-large,"Meat, pig (cold dressed carcass weight)",productQA,1.0000,recalculated_rag,
381,FacebookAI/roberta-large,"Dairy cattle, calf (female, weaned)",productQA,,recalculated_rag,
382,FacebookAI/roberta-large,Whey,productQA,1.0000,recalculated_rag,
383,FacebookAI/roberta-large,Cattle,productQA,,recalculated_rag,
384,FacebookAI/roberta-large,"Dairy cattle, calf (weaned)",productQA,,recalculated_rag,
385,FacebookAI/roberta-large,"Dairy cattle, calf",productQA,,recalculated_rag,
386,FacebookAI/roberta-large,Sheep,productQA,1.0000,recalculated_rag,
387,FacebookAI/roberta-large,"Meat, chicken, breast",productQA,,recalculated_rag,
388,FacebookAI/roberta-large,"Beef cattle, bull",productQA,1.0000,recalculated_rag,
389,FacebookAI/roberta-large,"Cream, cow, raw",productQA,,recalculated_rag,
390,FacebookAI/roberta-large,"Broiler chicken, hen",productQA,1.0000,recalculated_rag,
391,FacebookAI/roberta-large,"Broiler chicken, chick",productQA,,recalculated_rag,
392,FacebookAI/roberta-large,"Sheep, lamb (weaned)",productQA,1.0000,recalculated_rag,
393,FacebookAI/roberta-large,"Meat, dairy cattle (liveweight)",productQA,1.0000,recalculated_rag,
394,FacebookAI/roberta-large,"Layer chicken, pullet",productQA,1.0000,recalculated_rag,
395,FacebookAI/roberta-large,Broiler chicken,productQA,1.0000,recalculated_rag,
396,FacebookAI/roberta-large,Beef cattle,productQA,1.0000,recalculated_rag,
397,FacebookAI/roberta-large,"Cheese, cow",productQA,1.0000,recalculated_rag,
398,FacebookAI/roberta-large,"Eggs, hen, in shell",productQA,,recalculated_rag,
399,FacebookAI/roberta-large,"Cheese, sheep",productQA,,recalculated_rag,
400,FacebookAI/roberta-large,Eggs,productQA,0.5000,recalculated_rag,
401,FacebookAI/roberta-large,"Layer chicken, hen",productQA,1.0000,recalculated_rag,
402,FacebookAI/roberta-large,"Sheep, lamb",productQA,1.0000,recalculated_rag,
403,FacebookAI/roberta-large,"Milk, cow, raw",productQA,1.0000,recalculated_rag,
404,FacebookAI/roberta-large,"Beef cattle, steer",productQA,1.0000,recalculated_rag,
405,FacebookAI/roberta-large,Butter,productQA,1.0000,recalculated_rag,
406,FacebookAI/roberta-large,Poultry by,productQA,,recalculated_rag,
407,FacebookAI/roberta-large,"Dairy cattle, cow",productQA,1.0000,recalculated_rag,
408,FacebookAI/roberta-large,"Pig, piglet",productQA,1.0000,recalculated_rag,
409,FacebookAI/roberta-large,"Meat, chicken, leg",productQA,,recalculated_rag,
410,FacebookAI/roberta-large,"Meat, chicken (cold carcass weight)",productQA,,recalculated_rag,
411,FacebookAI/roberta-large,"Whey, powder",productQA,,recalculated_rag,
412,FacebookAI/roberta-large,Cheese,productQA,1.0000,recalculated_rag,
413,FacebookAI/roberta-large,Soft,productQA,1.0000,recalculated_rag,
414,FacebookAI/roberta-large,"Eggs, hen, in shell (number)",productQA,1.0000,recalculated_rag,
415,FacebookAI/roberta-large,Meat,productQA,1.0000,recalculated_rag,
416,FacebookAI/roberta-large,"Meat, chicken (liveweight)",productQA,,recalculated_rag,
417,FacebookAI/roberta-large,"Beef cattle, heifer",productQA,1.0000,recalculated_rag,
418,FacebookAI/roberta-large,Ricotta,productQA,1.0000,recalculated_rag,
419,FacebookAI/roberta-large,Ripened cheese,productQA,1.0000,recalculated_rag,
420,climatebert/distilroberta-base-climate-f,"Meat, beef cattle (cold carcass weight)",productQA,,recalculated_rag,
421,climatebert/distilroberta-base-climate-f,Layer chicken,productQA,0.8000,recalculated_rag,
422,climatebert/distilroberta-base-climate-f,Pig,productQA,0.9286,recalculated_rag,
423,climatebert/distilroberta-base-climate-f,"Meat, beef cattle (cold dressed carcass weight)",productQA,1.0000,recalculated_rag,
424,climatebert/distilroberta-base-climate-f,Dairy cattle,productQA,1.0000,recalculated_rag,
425,climatebert/distilroberta-base-climate-f,Milk,productQA,1.0000,recalculated_rag,
426,climatebert/distilroberta-base-climate-f,Cream,productQA,,recalculated_rag,
427,climatebert/distilroberta-base-climate-f,"Beef cattle, calf (male, weaned)",productQA,1.0000,recalculated_rag,
428,climatebert/distilroberta-base-climate-f,"Beef cattle, cow",productQA,,recalculated_rag,
429,climatebert/distilroberta-base-climate-f,"Whey, liquid",productQA,1.0000,recalculated_rag,
430,climatebert/distilroberta-base-climate-f,Wastewater (kg mass),productQA,1.0000,recalculated_rag,
431,climatebert/distilroberta-base-climate-f,"Milk, cow, raw (FPCM)",productQA,1.0000,recalculated_rag,
432,climatebert/distilroberta-base-climate-f,"Meat, chicken, wings",productQA,1.0000,recalculated_rag,
433,climatebert/distilroberta-base-climate-f,"Beef cattle, heifer and steer",productQA,,recalculated_rag,
434,climatebert/distilroberta-base-climate-f,"Meat, dairy cattle (cold carcass weight)",productQA,,recalculated_rag,
435,climatebert/distilroberta-base-climate-f,Buttermilk,productQA,,recalculated_rag,
436,climatebert/distilroberta-base-climate-f,"Pig, sow",productQA,1.0000,recalculated_rag,
437,climatebert/distilroberta-base-climate-f,"Cattle, urine (kg mass)",productQA,,recalculated_rag,
438,climatebert/distilroberta-base-climate-f,"Beef cattle, calf (female, weaned)",productQA,1.0000,recalculated_rag,
439,climatebert/distilroberta-base-climate-f,Yoghurt,productQA,1.0000,recalculated_rag,
440,climatebert/distilroberta-base-climate-f,"Meat, beef cattle (liveweight)",productQA,1.0000,recalculated_rag,
441,climatebert/distilroberta-base-climate-f,"Dairy cattle, heifer",productQA,1.0000,recalculated_rag,
442,climatebert/distilroberta-base-climate-f,"Sheep, ram",productQA,1.0000,recalculated_rag,
443,climatebert/distilroberta-base-climate-f,Caciotta,productQA,1.0000,recalculated_rag,
444,climatebert/distilroberta-base-climate-f,"Electricity, produced on",productQA,0.0202,recalculated_rag,
445,climatebert/distilroberta-base-climate-f,Fresh cheese,productQA,,recalculated_rag,
446,climatebert/distilroberta-base-climate-f,Electricity,productQA,0.0202,recalculated_rag,
447,climatebert/distilroberta-base-climate-f,"Sheep, ewe",productQA,1.0000,recalculated_rag,
448,climatebert/distilroberta-base-climate-f,"Dairy cattle, calf (male, unweaned)",productQA,,recalculated_rag,
449,climatebert/distilroberta-base-climate-f,"Beef cattle, calf (weaned)",productQA,,recalculated_rag,
450,climatebert/distilroberta-base-climate-f,"Meat, pig (cold dressed carcass weight)",productQA,1.0000,recalculated_rag,
451,climatebert/distilroberta-base-climate-f,"Dairy cattle, calf (female, weaned)",productQA,,recalculated_rag,
452,climatebert/distilroberta-base-climate-f,Whey,productQA,1.0000,recalculated_rag,
453,climatebert/distilroberta-base-climate-f,Cattle,productQA,,recalculated_rag,
454,climatebert/distilroberta-base-climate-f,"Dairy cattle, calf (weaned)",productQA,,recalculated_rag,
455,climatebert/distilroberta-base-climate-f,"Dairy cattle, calf",productQA,,recalculated_rag,
456,climatebert/distilroberta-base-climate-f,Sheep,productQA,1.0000,recalculated_rag,
457,climatebert/distilroberta-base-climate-f,"Meat, chicken, breast",productQA,,recalculated_rag,
458,climatebert/distilroberta-base-climate-f,"Beef cattle, bull",productQA,1.0000,recalculated_rag,
459,climatebert/distilroberta-base-climate-f,"Cream, cow, raw",productQA,,recalculated_rag,
460,climatebert/distilroberta-base-climate-f,"Broiler chicken, hen",productQA,1.0000,recalculated_rag,
461,climatebert/distilroberta-base-climate-f,"Broiler chicken, chick",productQA,,recalculated_rag,
462,climatebert/distilroberta-base-climate-f,"Sheep, lamb (weaned)",productQA,1.0000,recalculated_rag,
463,climatebert/distilroberta-base-climate-f,"Meat, dairy cattle (liveweight)",productQA,1.0000,recalculated_rag,
464,climatebert/distilroberta-base-climate-f,"Layer chicken, pullet",productQA,1.0000,recalculated_rag,
465,climatebert/distilroberta-base-climate-f,Broiler chicken,productQA,1.0000,recalculated_rag,
466,climatebert/distilroberta-base-climate-f,Beef cattle,productQA,1.0000,recalculated_rag,
467,climatebert/distilroberta-base-climate-f,"Cheese, cow",productQA,1.0000,recalculated_rag,
468,climatebert/distilroberta-base-climate-f,"Eggs, hen, in shell",productQA,,recalculated_rag,
469,climatebert/distilroberta-base-climate-f,"Cheese, sheep",productQA,,recalculated_rag,
470,climatebert/distilroberta-base-climate-f,Eggs,productQA,1.0000,recalculated_rag,
471,climatebert/distilroberta-base-climate-f,"Layer chicken, hen",productQA,1.0000,recalculated_rag,
472,climatebert/distilroberta-base-climate-f,"Sheep, lamb",productQA,1.0000,recalculated_rag,
473,climatebert/distilroberta-base-climate-f,"Milk, cow, raw",productQA,1.0000,recalculated_rag,
474,climatebert/distilroberta-base-climate-f,"Beef cattle, steer",productQA,1.0000,recalculated_rag,
475,climatebert/distilroberta-base-climate-f,Butter,productQA,1.0000,recalculated_rag,
476,climatebert/distilroberta-base-climate-f,Poultry by,productQA,,recalculated_rag,
477,climatebert/distilroberta-base-climate-f,"Dairy cattle, cow",productQA,1.0000,recalculated_rag,
478,climatebert/distilroberta-base-climate-f,"Pig, piglet",productQA,1.0000,recalculated_rag,
479,climatebert/distilroberta-base-climate-f,"Meat, chicken, leg",productQA,,recalculated_rag,
480,climatebert/distilroberta-base-climate-f,"Meat, chicken (cold carcass weight)",productQA,,recalculated_rag,
481,climatebert/distilroberta-base-climate-f,"Whey, powder",productQA,,recalculated_rag,
482,climatebert/distilroberta-base-climate-f,Cheese,productQA,1.0000,recalculated_rag,
483,climatebert/distilroberta-base-climate-f,Soft,productQA,1.0000,recalculated_rag,
484,climatebert/distilroberta-base-climate-f,"Eggs, hen, in shell (number)",productQA,1.0000,recalculated_rag,
485,climatebert/distilroberta-base-climate-f,Meat,productQA,1.0000,recalculated_rag,
486,climatebert/distilroberta-base-climate-f,"Meat, chicken (liveweight)",productQA,,recalculated_rag,
487,climatebert/distilroberta-base-climate-f,"Beef cattle, heifer",productQA,0.8571,recalculated_rag,
488,climatebert/distilroberta-base-climate-f,Ricotta,productQA,1.0000,recalculated_rag,
489,climatebert/distilroberta-base-climate-f,Ripened cheese,productQA,1.0000,recalculated_rag,
490,ESGBERT/EnvironmentalBERT-base,"Meat, beef cattle (cold carcass weight)",productQA,,recalculated_rag,
491,ESGBERT/EnvironmentalBERT-base,Layer chicken,productQA,0.6667,recalculated_rag,
492,ESGBERT/EnvironmentalBERT-base,Pig,productQA,1.0000,recalculated_rag,
493,ESGBERT/EnvironmentalBERT-base,"Meat, beef cattle (cold dressed carcass weight)",productQA,1.0000,recalculated_rag,
494,ESGBERT/EnvironmentalBERT-base,Dairy cattle,productQA,1.0000,recalculated_rag,
495,ESGBERT/EnvironmentalBERT-base,Milk,productQA,1.0000,recalculated_rag,
496,ESGBERT/EnvironmentalBERT-base,Cream,productQA,,recalculated_rag,
497,ESGBERT/EnvironmentalBERT-base,"Beef cattle, calf (male, weaned)",productQA,1.0000,recalculated_rag,
498,ESGBERT/EnvironmentalBERT-base,"Beef cattle, cow",productQA,,recalculated_rag,
499,ESGBERT/EnvironmentalBERT-base,"Whey, liquid",productQA,1.0000,recalculated_rag,
500,ESGBERT/EnvironmentalBERT-base,Wastewater (kg mass),productQA,1.0000,recalculated_rag,
501,ESGBERT/EnvironmentalBERT-base,"Milk, cow, raw (FPCM)",productQA,1.0000,recalculated_rag,
502,ESGBERT/EnvironmentalBERT-base,"Meat, chicken, wings",productQA,1.0000,recalculated_rag,
503,ESGBERT/EnvironmentalBERT-base,"Beef cattle, heifer and steer",productQA,,recalculated_rag,
504,ESGBERT/EnvironmentalBERT-base,"Meat, dairy cattle (cold carcass weight)",productQA,,recalculated_rag,
505,ESGBERT/EnvironmentalBERT-base,Buttermilk,productQA,,recalculated_rag,
506,ESGBERT/EnvironmentalBERT-base,"Pig, sow",productQA,1.0000,recalculated_rag,
507,ESGBERT/EnvironmentalBERT-base,"Cattle, urine (kg mass)",productQA,,recalculated_rag,
508,ESGBERT/EnvironmentalBERT-base,"Beef cattle, calf (female, weaned)",productQA,1.0000,recalculated_rag,
509,ESGBERT/EnvironmentalBERT-base,Yoghurt,productQA,1.0000,recalculated_rag,
510,ESGBERT/EnvironmentalBERT-base,"Meat, beef cattle (liveweight)",productQA,1.0000,recalculated_rag,
511,ESGBERT/EnvironmentalBERT-base,"Dairy cattle, heifer",productQA,1.0000,recalculated_rag,
512,ESGBERT/EnvironmentalBERT-base,"Sheep, ram",productQA,1.0000,recalculated_rag,
513,ESGBERT/EnvironmentalBERT-base,Caciotta,productQA,1.0000,recalculated_rag,
514,ESGBERT/EnvironmentalBERT-base,"Electricity, produced on",productQA,0.0202,recalculated_rag,
515,ESGBERT/EnvironmentalBERT-base,Fresh cheese,productQA,,recalculated_rag,
516,ESGBERT/EnvironmentalBERT-base,Electricity,productQA,0.0202,recalculated_rag,
517,ESGBERT/EnvironmentalBERT-base,"Sheep, ewe",productQA,1.0000,recalculated_rag,
518,ESGBERT/EnvironmentalBERT-base,"Dairy cattle, calf (male, unweaned)",productQA,,recalculated_rag,
519,ESGBERT/EnvironmentalBERT-base,"Beef cattle, calf (weaned)",productQA,,recalculated_rag,
520,ESGBERT/EnvironmentalBERT-base,"Meat, pig (cold dressed carcass weight)",productQA,1.0000,recalculated_rag,
521,ESGBERT/EnvironmentalBERT-base,"Dairy cattle, calf (female, weaned)",productQA,,recalculated_rag,
522,ESGBERT/EnvironmentalBERT-base,Whey,productQA,1.0000,recalculated_rag,
523,ESGBERT/EnvironmentalBERT-base,Cattle,productQA,,recalculated_rag,
524,ESGBERT/EnvironmentalBERT-base,"Dairy cattle, calf (weaned)",productQA,,recalculated_rag,
525,ESGBERT/EnvironmentalBERT-base,"Dairy cattle, calf",productQA,,recalculated_rag,
526,ESGBERT/EnvironmentalBERT-base,Sheep,productQA,1.0000,recalculated_rag,
527,ESGBERT/EnvironmentalBERT-base,"Meat, chicken, breast",productQA,,recalculated_rag,
528,ESGBERT/EnvironmentalBERT-base,"Beef cattle, bull",productQA,1.0000,recalculated_rag,
529,ESGBERT/EnvironmentalBERT-base,"Cream, cow, raw",productQA,,recalculated_rag,
530,ESGBERT/EnvironmentalBERT-base,"Broiler chicken, hen",productQA,1.0000,recalculated_rag,
531,ESGBERT/EnvironmentalBERT-base,"Broiler chicken, chick",productQA,,recalculated_rag,
532,ESGBERT/EnvironmentalBERT-base,"Sheep, lamb (weaned)",productQA,1.0000,recalculated_rag,
533,ESGBERT/EnvironmentalBERT-base,"Meat, dairy cattle (liveweight)",productQA,1.0000,recalculated_rag,
534,ESGBERT/EnvironmentalBERT-base,"Layer chicken, pullet",productQA,1.0000,recalculated_rag,
535,ESGBERT/EnvironmentalBERT-base,Broiler chicken,productQA,1.0000,recalculated_rag,
536,ESGBERT/EnvironmentalBERT-base,Beef cattle,productQA,1.0000,recalculated_rag,
537,ESGBERT/EnvironmentalBERT-base,"Cheese, cow",productQA,1.0000,recalculated_rag,
538,ESGBERT/EnvironmentalBERT-base,"Eggs, hen, in shell",productQA,,recalculated_rag,
539,ESGBERT/EnvironmentalBERT-base,"Cheese, sheep",productQA,,recalculated_rag,
540,ESGBERT/EnvironmentalBERT-base,Eggs,productQA,1.0000,recalculated_rag,
541,ESGBERT/EnvironmentalBERT-base,"Layer chicken, hen",productQA,1.0000,recalculated_rag,
542,ESGBERT/EnvironmentalBERT-base,"Sheep, lamb",productQA,1.0000,recalculated_rag,
543,ESGBERT/EnvironmentalBERT-base,"Milk, cow, raw",productQA,1.0000,recalculated_rag,
544,ESGBERT/EnvironmentalBERT-base,"Beef cattle, steer",productQA,1.0000,recalculated_rag,
545,ESGBERT/EnvironmentalBERT-base,Butter,productQA,1.0000,recalculated_rag,
546,ESGBERT/EnvironmentalBERT-base,Poultry by,productQA,,recalculated_rag,
547,ESGBERT/EnvironmentalBERT-base,"Dairy cattle, cow",productQA,1.0000,recalculated_rag,
548,ESGBERT/EnvironmentalBERT-base,"Pig, piglet",productQA,1.0000,recalculated_rag,
549,ESGBERT/EnvironmentalBERT-base,"Meat, chicken, leg",productQA,,recalculated_rag,
550,ESGBERT/EnvironmentalBERT-base,"Meat, chicken (cold carcass weight)",productQA,,recalculated_rag,
551,ESGBERT/EnvironmentalBERT-base,"Whey, powder",productQA,,recalculated_rag,
552,ESGBERT/EnvironmentalBERT-base,Cheese,productQA,1.0000,recalculated_rag,
553,ESGBERT/EnvironmentalBERT-base,Soft,productQA,1.0000,recalculated_rag,
554,ESGBERT/EnvironmentalBERT-base,"Eggs, hen, in shell (number)",productQA,1.0000,recalculated_rag,
555,ESGBERT/EnvironmentalBERT-base,Meat,productQA,1.0000,recalculated_rag,
556,ESGBERT/EnvironmentalBERT-base,"Meat, chicken (liveweight)",productQA,,recalculated_rag,
557,ESGBERT/EnvironmentalBERT-base,"Beef cattle, heifer",productQA,1.0000,recalculated_rag,
558,ESGBERT/EnvironmentalBERT-base,Ricotta,productQA,1.0000,recalculated_rag,
559,ESGBERT/EnvironmentalBERT-base,Ripened cheese,productQA,1.0000,recalculated_rag,
560,microsoft/deberta-v3-small,True_liveAnimalInput,systemBoundaryQA,1.0000,recalculated_rag,
561,microsoft/deberta-v3-small,True_cropResidue,systemBoundaryQA,0.9444,recalculated_rag,
562,microsoft/deberta-v3-small,True_seed,systemBoundaryQA,0.9565,recalculated_rag,
563,microsoft/deberta-v3-small,True_product,systemBoundaryQA,1.0000,recalculated_rag,
564,microsoft/deberta-v3-small,True_pesticideVeterinaryDrug,systemBoundaryQA,0.9828,recalculated_rag,
565,microsoft/deberta-v3-small,True_excreta,systemBoundaryQA,0.8869,recalculated_rag,
566,microsoft/deberta-v3-small,True_freshForage,systemBoundaryQA,0.9149,recalculated_rag,
567,microsoft/deberta-v3-small,True_transport,systemBoundaryQA,0.6667,recalculated_rag,
568,microsoft/deberta-v3-small,True_animalFeed,systemBoundaryQA,0.9895,recalculated_rag,
569,microsoft/deberta-v3-small,True_waste,systemBoundaryQA,0.6530,recalculated_rag,
570,microsoft/deberta-v3-small,True_ingredient,systemBoundaryQA,0.9899,recalculated_rag,
571,microsoft/deberta-v3-small,True_operation,systemBoundaryQA,0.9884,recalculated_rag,
572,microsoft/deberta-v3-small,True_soilAmendment,systemBoundaryQA,1.0000,recalculated_rag,
573,microsoft/deberta-v3-small,True_material,systemBoundaryQA,,recalculated_rag,
574,microsoft/deberta-v3-small,True_animalPopulation,systemBoundaryQA,0.9895,recalculated_rag,
575,microsoft/deberta-v3-small,True_otherChemical,systemBoundaryQA,0.9993,recalculated_rag,
576,microsoft/deberta-v3-small,True_electricityFuel,systemBoundaryQA,0.9740,recalculated_rag,
577,microsoft/deberta-v3-small,True_water,systemBoundaryQA,1.0000,recalculated_rag,
578,microsoft/deberta-v3-small,True_fertiliser,systemBoundaryQA,0.9794,recalculated_rag,
579,microsoft/deberta-v3-base,True_liveAnimalInput,systemBoundaryQA,0.9996,recalculated_rag,
580,microsoft/deberta-v3-base,True_cropResidue,systemBoundaryQA,0.9808,recalculated_rag,
581,microsoft/deberta-v3-base,True_seed,systemBoundaryQA,0.9565,recalculated_rag,
582,microsoft/deberta-v3-base,True_product,systemBoundaryQA,1.0000,recalculated_rag,
583,microsoft/deberta-v3-base,True_pesticideVeterinaryDrug,systemBoundaryQA,1.0000,recalculated_rag,
584,microsoft/deberta-v3-base,True_excreta,systemBoundaryQA,0.9583,recalculated_rag,
585,microsoft/deberta-v3-base,True_freshForage,systemBoundaryQA,0.9247,recalculated_rag,
586,microsoft/deberta-v3-base,True_transport,systemBoundaryQA,1.0000,recalculated_rag,
587,microsoft/deberta-v3-base,True_animalFeed,systemBoundaryQA,0.9895,recalculated_rag,
588,microsoft/deberta-v3-base,True_waste,systemBoundaryQA,0.7448,recalculated_rag,
589,microsoft/deberta-v3-base,True_ingredient,systemBoundaryQA,0.9899,recalculated_rag,
590,microsoft/deberta-v3-base,True_operation,systemBoundaryQA,1.0000,recalculated_rag,
591,microsoft/deberta-v3-base,True_soilAmendment,systemBoundaryQA,1.0000,recalculated_rag,
592,microsoft/deberta-v3-base,True_material,systemBoundaryQA,,recalculated_rag,
593,microsoft/deberta-v3-base,True_animalPopulation,systemBoundaryQA,0.9895,recalculated_rag,
594,microsoft/deberta-v3-base,True_otherChemical,systemBoundaryQA,1.0000,recalculated_rag,
595,microsoft/deberta-v3-base,True_electricityFuel,systemBoundaryQA,1.0000,recalculated_rag,
596,microsoft/deberta-v3-base,True_water,systemBoundaryQA,0.9048,recalculated_rag,
597,microsoft/deberta-v3-base,True_fertiliser,systemBoundaryQA,0.9896,recalculated_rag,
598,microsoft/deberta-v3-large,True_liveAnimalInput,systemBoundaryQA,0.9996,recalculated_rag,
599,microsoft/deberta-v3-large,True_cropResidue,systemBoundaryQA,1.0000,recalculated_rag,
600,microsoft/deberta-v3-large,True_seed,systemBoundaryQA,1.0000,recalculated_rag,
601,microsoft/deberta-v3-large,True_product,systemBoundaryQA,1.0000,recalculated_rag,
602,microsoft/deberta-v3-large,True_pesticideVeterinaryDrug,systemBoundaryQA,1.0000,recalculated_rag,
603,microsoft/deberta-v3-large,True_excreta,systemBoundaryQA,1.0000,recalculated_rag,
604,microsoft/deberta-v3-large,True_freshForage,systemBoundaryQA,0.9247,recalculated_rag,
605,microsoft/deberta-v3-large,True_transport,systemBoundaryQA,1.0000,recalculated_rag,
606,microsoft/deberta-v3-large,True_animalFeed,systemBoundaryQA,0.9895,recalculated_rag,
607,microsoft/deberta-v3-large,True_waste,systemBoundaryQA,0.8672,recalculated_rag,
608,microsoft/deberta-v3-large,True_ingredient,systemBoundaryQA,0.9899,recalculated_rag,
609,microsoft/deberta-v3-large,True_operation,systemBoundaryQA,1.0000,recalculated_rag,
610,microsoft/deberta-v3-large,True_soilAmendment,systemBoundaryQA,1.0000,recalculated_rag,
611,microsoft/deberta-v3-large,True_material,systemBoundaryQA,,recalculated_rag,
612,microsoft/deberta-v3-large,True_animalPopulation,systemBoundaryQA,1.0000,recalculated_rag,
613,microsoft/deberta-v3-large,True_otherChemical,systemBoundaryQA,1.0000,recalculated_rag,
614,microsoft/deberta-v3-large,True_electricityFuel,systemBoundaryQA,1.0000,recalculated_rag,
615,microsoft/deberta-v3-large,True_water,systemBoundaryQA,1.0000,recalculated_rag,
616,microsoft/deberta-v3-large,True_fertiliser,systemBoundaryQA,1.0000,recalculated_rag,
617,google-bert/bert-base-uncased,True_liveAnimalInput,systemBoundaryQA,0.9996,recalculated_rag,
618,google-bert/bert-base-uncased,True_cropResidue,systemBoundaryQA,1.0000,recalculated_rag,
619,google-bert/bert-base-uncased,True_seed,systemBoundaryQA,0.9670,recalculated_rag,
620,google-bert/bert-base-uncased,True_product,systemBoundaryQA,1.0000,recalculated_rag,
621,google-bert/bert-base-uncased,True_pesticideVeterinaryDrug,systemBoundaryQA,1.0000,recalculated_rag,
622,google-bert/bert-base-uncased,True_excreta,systemBoundaryQA,1.0000,recalculated_rag,
623,google-bert/bert-base-uncased,True_freshForage,systemBoundaryQA,0.9247,recalculated_rag,
624,google-bert/bert-base-uncased,True_transport,systemBoundaryQA,1.0000,recalculated_rag,
625,google-bert/bert-base-uncased,True_animalFeed,systemBoundaryQA,0.9895,recalculated_rag,
626,google-bert/bert-base-uncased,True_waste,systemBoundaryQA,0.7448,recalculated_rag,
627,google-bert/bert-base-uncased,True_ingredient,systemBoundaryQA,0.9899,recalculated_rag,
628,google-bert/bert-base-uncased,True_operation,systemBoundaryQA,1.0000,recalculated_rag,
629,google-bert/bert-base-uncased,True_soilAmendment,systemBoundaryQA,1.0000,recalculated_rag,
630,google-bert/bert-base-uncased,True_material,systemBoundaryQA,,recalculated_rag,
631,google-bert/bert-base-uncased,True_animalPopulation,systemBoundaryQA,0.9895,recalculated_rag,
632,google-bert/bert-base-uncased,True_otherChemical,systemBoundaryQA,1.0000,recalculated_rag,
633,google-bert/bert-base-uncased,True_electricityFuel,systemBoundaryQA,0.9868,recalculated_rag,
634,google-bert/bert-base-uncased,True_water,systemBoundaryQA,0.9048,recalculated_rag,
635,google-bert/bert-base-uncased,True_fertiliser,systemBoundaryQA,0.9896,recalculated_rag,
636,FacebookAI/roberta-large,True_liveAnimalInput,systemBoundaryQA,0.9996,recalculated_rag,
637,FacebookAI/roberta-large,True_cropResidue,systemBoundaryQA,1.0000,recalculated_rag,
638,FacebookAI/roberta-large,True_seed,systemBoundaryQA,1.0000,recalculated_rag,
639,FacebookAI/roberta-large,True_product,systemBoundaryQA,1.0000,recalculated_rag,
640,FacebookAI/roberta-large,True_pesticideVeterinaryDrug,systemBoundaryQA,1.0000,recalculated_rag,
641,FacebookAI/roberta-large,True_excreta,systemBoundaryQA,0.9666,recalculated_rag,
642,FacebookAI/roberta-large,True_freshForage,systemBoundaryQA,0.9247,recalculated_rag,
643,FacebookAI/roberta-large,True_transport,systemBoundaryQA,1.0000,recalculated_rag,
644,FacebookAI/roberta-large,True_animalFeed,systemBoundaryQA,0.9895,recalculated_rag,
645,FacebookAI/roberta-large,True_waste,systemBoundaryQA,0.8672,recalculated_rag,
646,FacebookAI/roberta-large,True_ingredient,systemBoundaryQA,0.9898,recalculated_rag,
647,FacebookAI/roberta-large,True_operation,systemBoundaryQA,1.0000,recalculated_rag,
648,FacebookAI/roberta-large,True_soilAmendment,systemBoundaryQA,1.0000,recalculated_rag,
649,FacebookAI/roberta-large,True_material,systemBoundaryQA,,recalculated_rag,
650,FacebookAI/roberta-large,True_animalPopulation,systemBoundaryQA,1.0000,recalculated_rag,
651,FacebookAI/roberta-large,True_otherChemical,systemBoundaryQA,1.0000,recalculated_rag,
652,FacebookAI/roberta-large,True_electricityFuel,systemBoundaryQA,0.9868,recalculated_rag,
653,FacebookAI/roberta-large,True_water,systemBoundaryQA,1.0000,recalculated_rag,
654,FacebookAI/roberta-large,True_fertiliser,systemBoundaryQA,1.0000,recalculated_rag,
655,climatebert/distilroberta-base-climate-f,True_liveAnimalInput,systemBoundaryQA,1.0000,recalculated_rag,
656,climatebert/distilroberta-base-climate-f,True_cropResidue,systemBoundaryQA,1.0000,recalculated_rag,
657,climatebert/distilroberta-base-climate-f,True_seed,systemBoundaryQA,0.9670,recalculated_rag,
658,climatebert/distilroberta-base-climate-f,True_product,systemBoundaryQA,1.0000,recalculated_rag,
659,climatebert/distilroberta-base-climate-f,True_pesticideVeterinaryDrug,systemBoundaryQA,1.0000,recalculated_rag,
660,climatebert/distilroberta-base-climate-f,True_excreta,systemBoundaryQA,0.9666,recalculated_rag,
661,climatebert/distilroberta-base-climate-f,True_freshForage,systemBoundaryQA,0.9247,recalculated_rag,
662,climatebert/distilroberta-base-climate-f,True_transport,systemBoundaryQA,1.0000,recalculated_rag,
663,climatebert/distilroberta-base-climate-f,True_animalFeed,systemBoundaryQA,0.9895,recalculated_rag,
664,climatebert/distilroberta-base-climate-f,True_waste,systemBoundaryQA,0.7448,recalculated_rag,
665,climatebert/distilroberta-base-climate-f,True_ingredient,systemBoundaryQA,0.9899,recalculated_rag,
666,climatebert/distilroberta-base-climate-f,True_operation,systemBoundaryQA,0.9787,recalculated_rag,
667,climatebert/distilroberta-base-climate-f,True_soilAmendment,systemBoundaryQA,1.0000,recalculated_rag,
668,climatebert/distilroberta-base-climate-f,True_material,systemBoundaryQA,,recalculated_rag,
669,climatebert/distilroberta-base-climate-f,True_animalPopulation,systemBoundaryQA,0.9895,recalculated_rag,
670,climatebert/distilroberta-base-climate-f,True_otherChemical,systemBoundaryQA,1.0000,recalculated_rag,
671,climatebert/distilroberta-base-climate-f,True_electricityFuel,systemBoundaryQA,0.9868,recalculated_rag,
672,climatebert/distilroberta-base-climate-f,True_water,systemBoundaryQA,0.9048,recalculated_rag,
673,climatebert/distilroberta-base-climate-f,True_fertiliser,systemBoundaryQA,1.0000,recalculated_rag,
674,ESGBERT/EnvironmentalBERT-base,True_liveAnimalInput,systemBoundaryQA,0.9896,recalculated_rag,
675,ESGBERT/EnvironmentalBERT-base,True_cropResidue,systemBoundaryQA,1.0000,recalculated_rag,
676,ESGBERT/EnvironmentalBERT-base,True_seed,systemBoundaryQA,0.9670,recalculated_rag,
677,ESGBERT/EnvironmentalBERT-base,True_product,systemBoundaryQA,1.0000,recalculated_rag,
678,ESGBERT/EnvironmentalBERT-base,True_pesticideVeterinaryDrug,systemBoundaryQA,0.9661,recalculated_rag,
679,ESGBERT/EnvironmentalBERT-base,True_excreta,systemBoundaryQA,1.0000,recalculated_rag,
680,ESGBERT/EnvironmentalBERT-base,True_freshForage,systemBoundaryQA,0.9247,recalculated_rag,
681,ESGBERT/EnvironmentalBERT-base,True_transport,systemBoundaryQA,0.6667,recalculated_rag,
682,ESGBERT/EnvironmentalBERT-base,True_animalFeed,systemBoundaryQA,0.9895,recalculated_rag,
683,ESGBERT/EnvironmentalBERT-base,True_waste,systemBoundaryQA,0.5815,recalculated_rag,
684,ESGBERT/EnvironmentalBERT-base,True_ingredient,systemBoundaryQA,0.9899,recalculated_rag,
685,ESGBERT/EnvironmentalBERT-base,True_operation,systemBoundaryQA,1.0000,recalculated_rag,
686,ESGBERT/EnvironmentalBERT-base,True_soilAmendment,systemBoundaryQA,1.0000,recalculated_rag,
687,ESGBERT/EnvironmentalBERT-base,True_material,systemBoundaryQA,,recalculated_rag,
688,ESGBERT/EnvironmentalBERT-base,True_animalPopulation,systemBoundaryQA,0.9895,recalculated_rag,
689,ESGBERT/EnvironmentalBERT-base,True_otherChemical,systemBoundaryQA,1.0000,recalculated_rag,
690,ESGBERT/EnvironmentalBERT-base,True_electricityFuel,systemBoundaryQA,0.9836,recalculated_rag,
691,ESGBERT/EnvironmentalBERT-base,True_water,systemBoundaryQA,1.0000,recalculated_rag,
692,ESGBERT/EnvironmentalBERT-base,True_fertiliser,systemBoundaryQA,1.0000,recalculated_rag,
