,sample_index,context_for_errors,logits,predicted_labels,true_labels,classes,model,dataset,dataset_type,rag
2,18,"permanent pasture producing Sheep, ewe in United Kingdom. Additional description: Generic grass pasture for sheep and cattle..","[-1.5526731, -1.5752542, -1.2064137, -1.4811099, 0.21135008, 1.2667128, 3.9618979, -1.4908835, -1.726796, -1.3208793]","[0, 0, 0, 0, 1, 1, 1, 0, 0, 0]","[0, 0, 0, 0, 0, 0, 1, 0, 0, 0]","['days', '1 ha', 'kg', 'kg cold dressed carcass weight/head', 'kg cold carcass weight/head', 'kg liveweight/head', 'relative', 'unitless', 'kg ready-to-cook weight/head', '%']",climatebert/distilroberta-base-climate-f,functionalUnitQA,recalculated,no rag
3,31,"animal housing producing Beef cattle, calf (female, weaned) in United Kingdom. Additional description: Indoor cattle system..","[-1.0878992, -1.6847724, -1.4678451, -1.514854, -1.3577949, 2.9051743, 4.4640503, -1.8686782, -1.8106035, -1.767042]","[0, 0, 0, 0, 0, 1, 1, 0, 0, 0]","[0, 0, 0, 0, 0, 0, 1, 0, 0, 0]","['days', '1 ha', 'kg', 'kg cold dressed carcass weight/head', 'kg cold carcass weight/head', 'kg liveweight/head', 'relative', 'unitless', 'kg ready-to-cook weight/head', '%']",climatebert/distilroberta-base-climate-f,functionalUnitQA,recalculated,no rag
4,36,"permanent pasture producing Sheep, lamb in United Kingdom. Additional description: High sugar and white clover pasture mix for sheep and cattle..","[-1.392133, -1.7851617, -1.728346, -1.6903007, -1.0678694, 2.684375, 4.6211143, -1.8032054, -1.9809743, -1.5802611]","[0, 0, 0, 0, 0, 1, 1, 0, 0, 0]","[0, 0, 0, 0, 0, 0, 1, 0, 0, 0]","['days', '1 ha', 'kg', 'kg cold dressed carcass weight/head', 'kg cold carcass weight/head', 'kg liveweight/head', 'relative', 'unitless', 'kg ready-to-cook weight/head', '%']",climatebert/distilroberta-base-climate-f,functionalUnitQA,recalculated,no rag
5,38,"permanent pasture producing Dairy cattle, heifer in New Zealand. Additional description: Off-site replacement cow pasture grazing from weaned calf -> 90% of mature weight (2mo -> 22mo) (2017/18).","[-0.7550219, 0.076937556, -1.4182565, -1.4270655, -1.7874664, -0.0051202704, 2.360797, -1.4695241, -1.5315144, -0.96267045]","[0, 1, 0, 0, 0, 0, 1, 0, 0, 0]","[1, 1, 0, 0, 0, 1, 0, 0, 0, 0]","['days', '1 ha', 'kg', 'kg cold dressed carcass weight/head', 'kg cold carcass weight/head', 'kg liveweight/head', 'relative', 'unitless', 'kg ready-to-cook weight/head', '%']",climatebert/distilroberta-base-climate-f,functionalUnitQA,recalculated,no rag
6,39,"permanent pasture producing Beef cattle, heifer in United Kingdom. Additional description: High sugar pasture for sheep and cattle..","[-1.7471954, -1.5778155, -1.2858913, -1.5159653, 2.8664153, 3.462209, 3.9233718, -1.4747918, -1.5473293, -1.7009214]","[0, 0, 0, 0, 1, 1, 1, 0, 0, 0]","[0, 0, 0, 0, 0, 1, 1, 0, 0, 0]","['days', '1 ha', 'kg', 'kg cold dressed carcass weight/head', 'kg cold carcass weight/head', 'kg liveweight/head', 'relative', 'unitless', 'kg ready-to-cook weight/head', '%']",climatebert/distilroberta-base-climate-f,functionalUnitQA,recalculated,no rag
8,41,"permanent pasture producing Sheep, ewe in United Kingdom. Additional description: Generic grass pasture for sheep and cattle..","[-1.5526735, -1.5752544, -1.2064142, -1.4811102, 0.21135017, 1.2667129, 3.9618986, -1.4908837, -1.7267964, -1.32088]","[0, 0, 0, 0, 1, 1, 1, 0, 0, 0]","[0, 0, 0, 0, 0, 0, 1, 0, 0, 0]","['days', '1 ha', 'kg', 'kg cold dressed carcass weight/head', 'kg cold carcass weight/head', 'kg liveweight/head', 'relative', 'unitless', 'kg ready-to-cook weight/head', '%']",climatebert/distilroberta-base-climate-f,functionalUnitQA,recalculated,no rag
9,53,"animal housing producing Electricity, produced on in site, solar PV. Additional description: Kipster-Laying hens scenario 1.","[-0.32312053, -1.6954973, -1.5323254, -1.7816237, -1.8890038, 0.92153364, 4.260852, -1.901834, -1.9318922, -1.0762734]","[0, 0, 0, 0, 0, 1, 1, 0, 0, 0]","[0, 0, 0, 0, 0, 0, 1, 0, 0, 0]","['days', '1 ha', 'kg', 'kg cold dressed carcass weight/head', 'kg cold carcass weight/head', 'kg liveweight/head', 'relative', 'unitless', 'kg ready-to-cook weight/head', '%']",climatebert/distilroberta-base-climate-f,functionalUnitQA,recalculated,no rag
10,59,agri-food processor producing Ripened cheese in Italy.,"[-1.7596533, -1.6144484, -1.5544397, -1.5466354, -1.5021561, -1.827647, 3.9859908, -1.1540358, -1.2537133, -0.6540812]","[0, 0, 0, 0, 0, 0, 1, 0, 0, 0]","[0, 0, 0, 0, 0, 0, 1, 0, 0, 1]","['days', '1 ha', 'kg', 'kg cold dressed carcass weight/head', 'kg cold carcass weight/head', 'kg liveweight/head', 'relative', 'unitless', 'kg ready-to-cook weight/head', '%']",climatebert/distilroberta-base-climate-f,functionalUnitQA,recalculated,no rag
11,60,"permanent pasture producing Sheep, lamb in United Kingdom. Additional description: High sugar pasture for sheep and cattle..","[-1.3906292, -1.8157994, -1.7681782, -1.6741492, -1.0047201, 2.7994077, 4.645847, -1.8091897, -1.9761939, -1.6324269]","[0, 0, 0, 0, 0, 1, 1, 0, 0, 0]","[0, 0, 0, 0, 0, 0, 1, 0, 0, 0]","['days', '1 ha', 'kg', 'kg cold dressed carcass weight/head', 'kg cold carcass weight/head', 'kg liveweight/head', 'relative', 'unitless', 'kg ready-to-cook weight/head', '%']",climatebert/distilroberta-base-climate-f,functionalUnitQA,recalculated,no rag
12,70,"animal housing producing Electricity, produced on in site, solar PV. Additional description: Kipster-Laying hens scenario 3.","[-0.3335157, -1.6833034, -1.5464916, -1.7476321, -1.850726, 0.8928236, 4.165183, -1.8688874, -1.9183393, -1.1389698]","[0, 0, 0, 0, 0, 1, 1, 0, 0, 0]","[0, 0, 0, 0, 0, 0, 1, 0, 0, 0]","['days', '1 ha', 'kg', 'kg cold dressed carcass weight/head', 'kg cold carcass weight/head', 'kg liveweight/head', 'relative', 'unitless', 'kg ready-to-cook weight/head', '%']",climatebert/distilroberta-base-climate-f,functionalUnitQA,recalculated,no rag
13,84,"animal housing producing Beef cattle, calf (male, weaned) in United Kingdom. Additional description: Indoor cattle system..","[-1.2048153, -1.7535961, -1.4643129, -1.5191243, -1.3139809, 2.9385037, 4.5405045, -1.8754483, -1.8357022, -1.8712901]","[0, 0, 0, 0, 0, 1, 1, 0, 0, 0]","[0, 0, 0, 0, 0, 0, 1, 0, 0, 0]","['days', '1 ha', 'kg', 'kg cold dressed carcass weight/head', 'kg cold carcass weight/head', 'kg liveweight/head', 'relative', 'unitless', 'kg ready-to-cook weight/head', '%']",climatebert/distilroberta-base-climate-f,functionalUnitQA,recalculated,no rag
2,35,"permanent pasture producing Sheep, ewe in United Kingdom. Additional description: High sugar pasture for sheep and cattle..","[-2.2260182, -1.98501, -1.5524207, -1.6764349, -0.45320094, 1.7136503, 4.685796, -1.9341332, -1.9533619, -1.7119987]","[0, 0, 0, 0, 0, 1, 1, 0, 0, 0]","[0, 0, 0, 0, 1, 1, 1, 0, 0, 0]","['days', '1 ha', 'kg', 'kg cold dressed carcass weight/head', 'kg cold carcass weight/head', 'kg liveweight/head', 'relative', 'unitless', 'kg ready-to-cook weight/head', '%']",ESGBERT/EnvironmentalBERT-base,functionalUnitQA,recalculated,no rag
13,87,"animal housing producing Dairy cattle, cow in Southern Europe. Additional description: Aggregate cycle representing all 75 dairy farms sampled.","[-2.0472105, -1.2624018, -2.3714027, -1.6839632, -1.9572124, 0.27937558, 3.9295022, -1.932014, -1.8605561, -2.1286683]","[0, 0, 0, 0, 0, 1, 1, 0, 0, 0]","[0, 0, 0, 0, 0, 0, 1, 0, 0, 0]","['days', '1 ha', 'kg', 'kg cold dressed carcass weight/head', 'kg cold carcass weight/head', 'kg liveweight/head', 'relative', 'unitless', 'kg ready-to-cook weight/head', '%']",ESGBERT/EnvironmentalBERT-base,functionalUnitQA,recalculated,no rag
14,94,"permanent pasture producing Sheep, ewe in United Kingdom. Additional description: High sugar and white clover pasture mix for sheep and cattle..","[-2.1900022, -2.0054536, -1.5206578, -1.6502415, -0.4244055, 1.6231029, 4.6433883, -1.9096842, -1.9252051, -1.7604216]","[0, 0, 0, 0, 0, 1, 1, 0, 0, 0]","[0, 0, 0, 0, 1, 1, 1, 0, 0, 0]","['days', '1 ha', 'kg', 'kg cold dressed carcass weight/head', 'kg cold carcass weight/head', 'kg liveweight/head', 'relative', 'unitless', 'kg ready-to-cook weight/head', '%']",ESGBERT/EnvironmentalBERT-base,functionalUnitQA,recalculated,no rag
0,38,"permanent pasture producing Dairy cattle, heifer in New Zealand. Additional description: Off-site replacement cow pasture grazing from weaned calf -> 90% of mature weight (2mo -> 22mo) (2017/18).","[-1.5709699, -1.5707524, -1.2818222, -0.88751715, -1.5320665, -1.2601277, -1.5269016, -1.8619303, -1.5904964, -1.1521919, -1.5650157, -1.7141597, -1.4771152, -1.5935484, -1.9576733, 2.1171882, -2.169493, -1.2452859, -1.4279217, -1.6735687, -1.6908569, -1.4152596, -1.615355, -1.9315096, -1.5624478, -1.5865381, -1.8642462, -1.2010523, -1.190664, -1.4711388, -1.3962162, -1.6880323, 2.0428002, -1.3854338, -2.0243218, -1.1450557, -1.9430548, -1.4558084, -2.0445595, -1.1586934, -1.3375046, -1.3759396, -1.4700109, -1.888477, -1.3228896, -1.0815737, -1.3297317, -1.2282243, -1.5082282, 0.13596284, -1.8115077, -2.0943577, -1.7640599, -1.1794113, -1.3637085, -1.6729401, -1.6685216, -1.480373, -1.9001089, -2.026833, -1.4100507, -1.8545353, -1.1267707, -1.472902, -1.7719854, -1.8175558, -0.17368802, -1.6866008, -1.4481422, -1.8317186]","[0, 0, 0, 0, 0, 0, 0, 0, 0, 0, 0, 0, 0, 0, 0, 1, 0, 0, 0, 0, 0, 0, 0, 0, 0, 0, 0, 0, 0, 0, 0, 0, 1, 0, 0, 0, 0, 0, 0, 0, 0, 0, 0, 0, 0, 0, 0, 0, 0, 1, 0, 0, 0, 0, 0, 0, 0, 0, 0, 0, 0, 0, 0, 0, 0, 0, 0, 0, 0, 0]","[0, 0, 0, 0, 0, 0, 0, 0, 0, 0, 0, 0, 0, 0, 0, 1, 0, 0, 0, 0, 0, 0, 0, 0, 0, 0, 0, 0, 0, 0, 0, 0, 1, 0, 0, 0, 0, 0, 0, 0, 0, 0, 0, 0, 0, 0, 0, 0, 0, 0, 0, 0, 0, 0, 0, 0, 0, 0, 0, 0, 0, 0, 0, 0, 0, 0, 0, 0, 0, 0]","['Beef cattle, steer', 'Beef cattle, heifer and steer', 'Broiler chicken', 'Dairy cattle, calf (male, unweaned)', 'Eggs', 'Soft', 'Sheep, ewe', 'Electricity', 'Cheese, sheep', 'Layer chicken, hen', 'Milk, cow, raw (FPCM)', 'Milk', 'Meat, chicken, leg', 'Whey, liquid', 'Electricity, produced on', 'Dairy cattle', 'Meat, chicken, breast', 'Meat, dairy cattle (liveweight)', 'Beef cattle, bull', 'Milk, cow, raw', 'Sheep, ram', 'Caciotta', 'Whey, powder', 'Buttermilk', 'Meat, chicken (cold carcass weight)', 'Pig, sow', 'Broiler chicken, chick', 'Sheep', 'Dairy cattle, calf', 'Beef cattle, calf (weaned)', 'Dairy cattle, calf (female, weaned)', 'Ricotta', 'Dairy cattle, heifer', 'Meat, beef cattle (cold carcass weight)', 'Beef cattle, calf (male, weaned)', 'Wastewater (kg mass)', 'Poultry by', 'Sheep, lamb', 'Eggs, hen, in shell (number)', 'Meat, dairy cattle (cold carcass weight)', 'Meat', 'Layer chicken', 'Butter', 'Meat, pig (cold dressed carcass weight)', 'Eggs, hen, in shell', 'Dairy cattle, cow', 'Fresh cheese', 'Cattle, urine (kg mass)', 'Cattle', 'Beef cattle, heifer', 'Pig', 'Beef cattle, cow', 'Cream', 'Ripened cheese', 'Dairy cattle, calf (weaned)', 'Yoghurt', 'Whey', 'Meat, beef cattle (liveweight)', 'Cheese, cow', 'Pig, piglet', 'Cheese', 'Meat, chicken (liveweight)', 'Beef cattle, calf (female, weaned)', 'Broiler chicken, hen', 'Cream, cow, raw', 'Sheep, lamb (weaned)', 'Beef cattle', 'Meat, chicken, wings', 'Meat, beef cattle (cold dressed carcass weight)', 'Layer chicken, pullet']",climatebert/distilroberta-base-climate-f,productQA,recalculated,no rag
1,53,"animal housing producing Electricity, produced on in site, solar PV. Additional description: Kipster-Laying hens scenario 1.","[-1.9258226, -1.7544506, -1.9636697, -2.115947, -0.76271266, -2.0204222, -1.9380231, -2.3367584, -1.9372302, -1.1307783, -1.4652612, -0.89135605, -2.206231, -1.6401328, -2.2679222, -1.6259495, -2.142735, -1.8099638, -2.0133188, -1.3225976, -1.1289163, -1.5615376, -1.8339602, -1.9043651, -1.8461565, -1.7218579, -2.0787766, -1.4897519, -1.9641145, -1.6885167, -2.0116298, -1.8056318, -1.7424071, -1.6600415, -1.7112488, -0.50843585, -2.1716056, -2.4865916, -1.685151, -1.9921597, -1.7069446, -0.56552655, -2.002541, -2.0238037, -0.9188876, -1.6285282, -1.9210238, -1.2692547, -1.3246448, -1.4001696, -1.6758206, -1.9838176, -1.9182359, -1.6842153, -1.7011185, -2.2623355, -1.4917225, -1.3764971, -2.015943, -1.8392502, -1.9441195, -1.856412, -1.7369995, -1.9646735, -2.0102556, -1.810682, -1.1394409, -1.7896647, -1.8515366, -1.1358856]","[0, 0, 0, 0, 0, 0, 0, 0, 0, 0, 0, 0, 0, 0, 0, 0, 0, 0, 0, 0, 0, 0, 0, 0, 0, 0, 0, 0, 0, 0, 0, 0, 0, 0, 0, 0, 0, 0, 0, 0, 0, 0, 0, 0, 0, 0, 0, 0, 0, 0, 0, 0, 0, 0, 0, 0, 0, 0, 0, 0, 0, 0, 0, 0, 0, 0, 0, 0, 0, 0]","[0, 0, 0, 0, 0, 0, 0, 1, 0, 0, 0, 0, 0, 0, 1, 0, 0, 0, 0, 0, 0, 0, 0, 0, 0, 0, 0, 0, 0, 0, 0, 0, 0, 0, 0, 0, 0, 0, 0, 0, 0, 0, 0, 0, 0, 0, 0, 0, 0, 0, 0, 0, 0, 0, 0, 0, 0, 0, 0, 0, 0, 0, 0, 0, 0, 0, 0, 0, 0, 0]","['Beef cattle, steer', 'Beef cattle, heifer and steer', 'Broiler chicken', 'Dairy cattle, calf (male, unweaned)', 'Eggs', 'Soft', 'Sheep, ewe', 'Electricity', 'Cheese, sheep', 'Layer chicken, hen', 'Milk, cow, raw (FPCM)', 'Milk', 'Meat, chicken, leg', 'Whey, liquid', 'Electricity, produced on', 'Dairy cattle', 'Meat, chicken, breast', 'Meat, dairy cattle (liveweight)', 'Beef cattle, bull', 'Milk, cow, raw', 'Sheep, ram', 'Caciotta', 'Whey, powder', 'Buttermilk', 'Meat, chicken (cold carcass weight)', 'Pig, sow', 'Broiler chicken, chick', 'Sheep', 'Dairy cattle, calf', 'Beef cattle, calf (weaned)', 'Dairy cattle, calf (female, weaned)', 'Ricotta', 'Dairy cattle, heifer', 'Meat, beef cattle (cold carcass weight)', 'Beef cattle, calf (male, weaned)', 'Wastewater (kg mass)', 'Poultry by', 'Sheep, lamb', 'Eggs, hen, in shell (number)', 'Meat, dairy cattle (cold carcass weight)', 'Meat', 'Layer chicken', 'Butter', 'Meat, pig (cold dressed carcass weight)', 'Eggs, hen, in shell', 'Dairy cattle, cow', 'Fresh cheese', 'Cattle, urine (kg mass)', 'Cattle', 'Beef cattle, heifer', 'Pig', 'Beef cattle, cow', 'Cream', 'Ripened cheese', 'Dairy cattle, calf (weaned)', 'Yoghurt', 'Whey', 'Meat, beef cattle (liveweight)', 'Cheese, cow', 'Pig, piglet', 'Cheese', 'Meat, chicken (liveweight)', 'Beef cattle, calf (female, weaned)', 'Broiler chicken, hen', 'Cream, cow, raw', 'Sheep, lamb (weaned)', 'Beef cattle', 'Meat, chicken, wings', 'Meat, beef cattle (cold dressed carcass weight)', 'Layer chicken, pullet']",climatebert/distilroberta-base-climate-f,productQA,recalculated,no rag
2,70,"animal housing producing Electricity, produced on in site, solar PV. Additional description: Kipster-Laying hens scenario 3.","[-1.9205867, -1.7623146, -1.9627908, -2.1194303, -0.7758447, -2.0200865, -1.9447266, -2.343597, -1.9428262, -1.1342481, -1.4631869, -0.88782966, -2.2089772, -1.6504337, -2.2757142, -1.6207217, -2.1446798, -1.810457, -2.0223253, -1.3226882, -1.1394697, -1.5693039, -1.8391525, -1.9133676, -1.8522093, -1.720003, -2.0798767, -1.5017508, -1.9695225, -1.6948915, -2.0118062, -1.8131622, -1.7446196, -1.6625879, -1.7161883, -0.5123106, -2.1772451, -2.4874392, -1.6893299, -1.9961566, -1.7136328, -0.56504434, -2.006029, -2.0288591, -0.9238628, -1.6275909, -1.9318624, -1.2712396, -1.327684, -1.406227, -1.6660317, -1.9868261, -1.9211233, -1.6888671, -1.6992526, -2.2686405, -1.5010564, -1.3809743, -2.012638, -1.8403407, -1.9433786, -1.855358, -1.7385728, -1.9651853, -2.0142052, -1.8097813, -1.1448109, -1.79544, -1.8585418, -1.1365528]","[0, 0, 0, 0, 0, 0, 0, 0, 0, 0, 0, 0, 0, 0, 0, 0, 0, 0, 0, 0, 0, 0, 0, 0, 0, 0, 0, 0, 0, 0, 0, 0, 0, 0, 0, 0, 0, 0, 0, 0, 0, 0, 0, 0, 0, 0, 0, 0, 0, 0, 0, 0, 0, 0, 0, 0, 0, 0, 0, 0, 0, 0, 0, 0, 0, 0, 0, 0, 0, 0]","[0, 0, 0, 0, 0, 0, 0, 1, 0, 0, 0, 0, 0, 0, 1, 0, 0, 0, 0, 0, 0, 0, 0, 0, 0, 0, 0, 0, 0, 0, 0, 0, 0, 0, 0, 0, 0, 0, 0, 0, 0, 0, 0, 0, 0, 0, 0, 0, 0, 0, 0, 0, 0, 0, 0, 0, 0, 0, 0, 0, 0, 0, 0, 0, 0, 0, 0, 0, 0, 0]","['Beef cattle, steer', 'Beef cattle, heifer and steer', 'Broiler chicken', 'Dairy cattle, calf (male, unweaned)', 'Eggs', 'Soft', 'Sheep, ewe', 'Electricity', 'Cheese, sheep', 'Layer chicken, hen', 'Milk, cow, raw (FPCM)', 'Milk', 'Meat, chicken, leg', 'Whey, liquid', 'Electricity, produced on', 'Dairy cattle', 'Meat, chicken, breast', 'Meat, dairy cattle (liveweight)', 'Beef cattle, bull', 'Milk, cow, raw', 'Sheep, ram', 'Caciotta', 'Whey, powder', 'Buttermilk', 'Meat, chicken (cold carcass weight)', 'Pig, sow', 'Broiler chicken, chick', 'Sheep', 'Dairy cattle, calf', 'Beef cattle, calf (weaned)', 'Dairy cattle, calf (female, weaned)', 'Ricotta', 'Dairy cattle, heifer', 'Meat, beef cattle (cold carcass weight)', 'Beef cattle, calf (male, weaned)', 'Wastewater (kg mass)', 'Poultry by', 'Sheep, lamb', 'Eggs, hen, in shell (number)', 'Meat, dairy cattle (cold carcass weight)', 'Meat', 'Layer chicken', 'Butter', 'Meat, pig (cold dressed carcass weight)', 'Eggs, hen, in shell', 'Dairy cattle, cow', 'Fresh cheese', 'Cattle, urine (kg mass)', 'Cattle', 'Beef cattle, heifer', 'Pig', 'Beef cattle, cow', 'Cream', 'Ripened cheese', 'Dairy cattle, calf (weaned)', 'Yoghurt', 'Whey', 'Meat, beef cattle (liveweight)', 'Cheese, cow', 'Pig, piglet', 'Cheese', 'Meat, chicken (liveweight)', 'Beef cattle, calf (female, weaned)', 'Broiler chicken, hen', 'Cream, cow, raw', 'Sheep, lamb (weaned)', 'Beef cattle', 'Meat, chicken, wings', 'Meat, beef cattle (cold dressed carcass weight)', 'Layer chicken, pullet']",climatebert/distilroberta-base-climate-f,productQA,recalculated,no rag
0,3,"permanent pasture producing Beef cattle, calf (female, weaned) in United Kingdom. Additional description: Generic grass pasture for sheep and cattle.. What is in the system boundary?","[4.5641246, 4.7976084, 4.716717, 4.7339683, 2.1467242, -1.6334563, -1.822864, 4.7581973, -1.6384571, -1.6394228, 4.768874, 4.683105, -1.6910301, 4.642398, 4.3749027, -1.927871, 4.437002, 4.6515255, 4.316729]","[1, 1, 1, 1, 1, 0, 0, 1, 0, 0, 1, 1, 0, 1, 1, 0, 1, 1, 1]","[1, 1, 1, 1, 0, 0, 0, 1, 0, 0, 1, 1, 0, 1, 1, 0, 1, 1, 1]","['True_product', 'True_ingredient', 'True_animalPopulation', 'True_fertiliser', 'True_freshForage', 'True_excreta', 'True_water', 'True_seed', 'True_waste', 'True_transport', 'True_soilAmendment', 'True_otherChemical', 'True_cropResidue', 'True_liveAnimalInput', 'True_operation', 'True_material', 'True_electricityFuel', 'True_animalFeed', 'True_pesticideVeterinaryDrug']",climatebert/distilroberta-base-climate-f,systemBoundaryQA,recalculated,no rag
1,13,"permanent pasture producing Beef cattle, heifer in United Kingdom. Additional description: High sugar pasture for sheep and cattle.. What is in the system boundary?","[4.4797297, 4.69563, 4.5243545, 4.7032065, 1.1764581, -1.6026733, -1.77483, 4.671068, -1.6319205, -1.6178391, 4.5975695, 4.686212, -1.6859813, 4.551501, 4.403854, -1.9078596, 4.3375688, 4.4790173, 4.391336]","[1, 1, 1, 1, 1, 0, 0, 1, 0, 0, 1, 1, 0, 1, 1, 0, 1, 1, 1]","[1, 1, 1, 1, 0, 0, 0, 1, 0, 0, 1, 1, 0, 1, 1, 0, 1, 1, 1]","['True_product', 'True_ingredient', 'True_animalPopulation', 'True_fertiliser', 'True_freshForage', 'True_excreta', 'True_water', 'True_seed', 'True_waste', 'True_transport', 'True_soilAmendment', 'True_otherChemical', 'True_cropResidue', 'True_liveAnimalInput', 'True_operation', 'True_material', 'True_electricityFuel', 'True_animalFeed', 'True_pesticideVeterinaryDrug']",climatebert/distilroberta-base-climate-f,systemBoundaryQA,recalculated,no rag
3,38,"permanent pasture producing Dairy cattle, heifer in New Zealand. Additional description: Off-site replacement cow pasture grazing from weaned calf -> 90% of mature weight (2mo -> 22mo) (2017/18). What is in the system boundary?","[3.5547025, 4.4794064, 2.586606, 2.4550636, 2.4731143, -1.4567482, -1.747956, 1.0766098, -1.4649535, -0.9055115, 2.9221005, 4.262729, 2.532474, 3.2024565, -1.7840115, -1.824489, 0.34230426, 2.973715, -2.564408]","[1, 1, 1, 1, 1, 0, 0, 1, 0, 0, 1, 1, 1, 1, 0, 0, 1, 1, 0]","[1, 1, 0, 1, 0, 0, 0, 0, 0, 0, 1, 1, 1, 1, 0, 0, 0, 0, 0]","['True_product', 'True_ingredient', 'True_animalPopulation', 'True_fertiliser', 'True_freshForage', 'True_excreta', 'True_water', 'True_seed', 'True_waste', 'True_transport', 'True_soilAmendment', 'True_otherChemical', 'True_cropResidue', 'True_liveAnimalInput', 'True_operation', 'True_material', 'True_electricityFuel', 'True_animalFeed', 'True_pesticideVeterinaryDrug']",climatebert/distilroberta-base-climate-f,systemBoundaryQA,recalculated,no rag
4,40,"permanent pasture producing Sheep, ewe in United Kingdom. Additional description: Generic grass pasture for sheep and cattle.. What is in the system boundary?","[4.591777, 4.793883, 4.7403173, 4.723688, 2.270133, -1.5801866, -1.7794284, 4.7806907, -1.601003, -1.6127853, 4.7816157, 4.674951, -1.6529019, 4.6302314, 4.3941765, -1.9202462, 4.441688, 4.6682487, 4.3138494]","[1, 1, 1, 1, 1, 0, 0, 1, 0, 0, 1, 1, 0, 1, 1, 0, 1, 1, 1]","[1, 1, 1, 1, 0, 0, 0, 1, 0, 0, 1, 1, 0, 1, 1, 0, 1, 1, 1]","['True_product', 'True_ingredient', 'True_animalPopulation', 'True_fertiliser', 'True_freshForage', 'True_excreta', 'True_water', 'True_seed', 'True_waste', 'True_transport', 'True_soilAmendment', 'True_otherChemical', 'True_cropResidue', 'True_liveAnimalInput', 'True_operation', 'True_material', 'True_electricityFuel', 'True_animalFeed', 'True_pesticideVeterinaryDrug']",climatebert/distilroberta-base-climate-f,systemBoundaryQA,recalculated,no rag
5,44,"permanent pasture producing Beef cattle, calf (male, weaned) in United Kingdom. Additional description: High sugar pasture for sheep and cattle.. What is in the system boundary?","[4.4762254, 4.7146077, 4.5345025, 4.6957555, 1.2427229, -1.6804394, -1.819402, 4.666988, -1.6376884, -1.64723, 4.5883846, 4.6704016, -1.7268028, 4.5971346, 4.381109, -1.9154297, 4.3296113, 4.4887137, 4.3478017]","[1, 1, 1, 1, 1, 0, 0, 1, 0, 0, 1, 1, 0, 1, 1, 0, 1, 1, 1]","[1, 1, 1, 1, 0, 0, 0, 1, 0, 0, 1, 1, 0, 1, 1, 0, 1, 1, 1]","['True_product', 'True_ingredient', 'True_animalPopulation', 'True_fertiliser', 'True_freshForage', 'True_excreta', 'True_water', 'True_seed', 'True_waste', 'True_transport', 'True_soilAmendment', 'True_otherChemical', 'True_cropResidue', 'True_liveAnimalInput', 'True_operation', 'True_material', 'True_electricityFuel', 'True_animalFeed', 'True_pesticideVeterinaryDrug']",climatebert/distilroberta-base-climate-f,systemBoundaryQA,recalculated,no rag
6,46,"permanent pasture producing Beef cattle, steer in United Kingdom. Additional description: Generic grass pasture for sheep and cattle.. What is in the system boundary?","[4.5790415, 4.820628, 4.7611375, 4.7443395, 2.2528775, -1.5780034, -1.7957746, 4.7734237, -1.6339438, -1.6042036, 4.7937255, 4.697555, -1.6253788, 4.6396885, 4.3756227, -1.9237283, 4.424275, 4.67755, 4.334239]","[1, 1, 1, 1, 1, 0, 0, 1, 0, 0, 1, 1, 0, 1, 1, 0, 1, 1, 1]","[1, 1, 1, 1, 0, 0, 0, 1, 0, 0, 1, 1, 0, 1, 1, 0, 1, 1, 1]","['True_product', 'True_ingredient', 'True_animalPopulation', 'True_fertiliser', 'True_freshForage', 'True_excreta', 'True_water', 'True_seed', 'True_waste', 'True_transport', 'True_soilAmendment', 'True_otherChemical', 'True_cropResidue', 'True_liveAnimalInput', 'True_operation', 'True_material', 'True_electricityFuel', 'True_animalFeed', 'True_pesticideVeterinaryDrug']",climatebert/distilroberta-base-climate-f,systemBoundaryQA,recalculated,no rag
7,58,"agri-food processor producing Whey, liquid in Spain. What is in the system boundary?","[3.1704514, 1.3900228, 3.0083325, 3.3990662, 3.3046439, 4.1762295, 1.4311011, 3.1070342, 0.138823, 1.0644646, 3.3748066, 2.9739263, 2.9733589, 3.2481563, -0.69204205, -0.6746288, 2.9389105, 3.46502, 3.353568]","[1, 1, 1, 1, 1, 1, 1, 1, 1, 1, 1, 1, 1, 1, 0, 0, 1, 1, 1]","[1, 0, 1, 1, 1, 1, 1, 1, 0, 1, 1, 1, 1, 1, 0, 0, 1, 1, 1]","['True_product', 'True_ingredient', 'True_animalPopulation', 'True_fertiliser', 'True_freshForage', 'True_excreta', 'True_water', 'True_seed', 'True_waste', 'True_transport', 'True_soilAmendment', 'True_otherChemical', 'True_cropResidue', 'True_liveAnimalInput', 'True_operation', 'True_material', 'True_electricityFuel', 'True_animalFeed', 'True_pesticideVeterinaryDrug']",climatebert/distilroberta-base-climate-f,systemBoundaryQA,recalculated,no rag
8,59,agri-food processor producing Ripened cheese in Italy. What is in the system boundary?,"[2.1522353, 0.7051973, 2.7194479, 3.0824351, 3.0175622, 4.143175, 1.5174328, 2.1723406, -0.34360063, 1.2012028, 3.035209, 2.902478, 2.9216566, 3.0908024, -1.0347184, -0.54231924, 3.0919385, 3.0496604, 3.0191095]","[1, 1, 1, 1, 1, 1, 1, 1, 0, 1, 1, 1, 1, 1, 0, 0, 1, 1, 1]","[1, 1, 1, 1, 1, 1, 1, 1, 1, 1, 1, 1, 1, 1, 0, 0, 1, 1, 1]","['True_product', 'True_ingredient', 'True_animalPopulation', 'True_fertiliser', 'True_freshForage', 'True_excreta', 'True_water', 'True_seed', 'True_waste', 'True_transport', 'True_soilAmendment', 'True_otherChemical', 'True_cropResidue', 'True_liveAnimalInput', 'True_operation', 'True_material', 'True_electricityFuel', 'True_animalFeed', 'True_pesticideVeterinaryDrug']",climatebert/distilroberta-base-climate-f,systemBoundaryQA,recalculated,no rag
9,74,"permanent pasture producing Beef cattle, heifer in United Kingdom. Additional description: Generic grass pasture for sheep and cattle.. What is in the system boundary?","[4.562561, 4.803177, 4.7383785, 4.746947, 2.2043831, -1.55271, -1.7775948, 4.7669196, -1.6652533, -1.6107935, 4.79389, 4.6858425, -1.6466321, 4.613856, 4.3964605, -1.914692, 4.436097, 4.673831, 4.328371]","[1, 1, 1, 1, 1, 0, 0, 1, 0, 0, 1, 1, 0, 1, 1, 0, 1, 1, 1]","[1, 1, 1, 1, 0, 0, 0, 1, 0, 0, 1, 1, 0, 1, 1, 0, 1, 1, 1]","['True_product', 'True_ingredient', 'True_animalPopulation', 'True_fertiliser', 'True_freshForage', 'True_excreta', 'True_water', 'True_seed', 'True_waste', 'True_transport', 'True_soilAmendment', 'True_otherChemical', 'True_cropResidue', 'True_liveAnimalInput', 'True_operation', 'True_material', 'True_electricityFuel', 'True_animalFeed', 'True_pesticideVeterinaryDrug']",climatebert/distilroberta-base-climate-f,systemBoundaryQA,recalculated,no rag
0,10,"animal housing producing Sheep, ram in United Kingdom. Additional description: Indoor cattle system.. Additional Context: The functional unit for the animal housing producing Sheep, ram in United Kingdom is not explicitly stated. However, based on the context, it can be inferred that the functional unit is likely to be 1 kg of live weight (LW) of sheep, as this is a common functional unit used in agricultural life cycle assessments (LCAs) for livestock production systems.","[-0.19725457, -2.1406324, -1.7573075, -1.9317555, 4.839856, -1.3800977, -1.8153884, 1.7298983, -1.9538994, -1.7625974]","[0, 0, 0, 0, 1, 0, 0, 1, 0, 0]","[0, 0, 0, 0, 1, 0, 0, 0, 0, 0]","['kg cold carcass weight/head', '1 ha', 'kg cold dressed carcass weight/head', 'days', 'relative', 'kg', 'unitless', 'kg liveweight/head', '%', 'kg ready-to-cook weight/head']",climatebert/distilroberta-base-climate-f,functionalUnitQA,recalculated,rag
1,18,"permanent pasture producing Sheep, ewe in United Kingdom. Additional description: Generic grass pasture for sheep and cattle.. Additional Context: The functional unit for the production system of permanent pasture producing sheep in the United Kingdom is one animal.","[-0.32216758, -1.9931526, -1.7875826, -1.9695622, 4.610066, -1.2519878, -1.7494377, 1.4410944, -1.7948908, -1.6484994]","[0, 0, 0, 0, 1, 0, 0, 1, 0, 0]","[0, 0, 0, 0, 1, 0, 0, 0, 0, 0]","['kg cold carcass weight/head', '1 ha', 'kg cold dressed carcass weight/head', 'days', 'relative', 'kg', 'unitless', 'kg liveweight/head', '%', 'kg ready-to-cook weight/head']",climatebert/distilroberta-base-climate-f,functionalUnitQA,recalculated,rag
2,31,"animal housing producing Beef cattle, calf (female, weaned) in United Kingdom. Additional description: Indoor cattle system.. Additional Context: The functional unit for the animal housing producing Beef cattle, calf (female, weaned) in the United Kingdom is 1 kg of live weight (LW) of beef cattle.","[-1.3993543, -1.4361322, -1.691268, -1.5182805, 3.958679, -1.4384121, -1.5070853, 2.0132174, -2.0548477, -1.5818299]","[0, 0, 0, 0, 1, 0, 0, 1, 0, 0]","[0, 0, 0, 0, 1, 0, 0, 0, 0, 0]","['kg cold carcass weight/head', '1 ha', 'kg cold dressed carcass weight/head', 'days', 'relative', 'kg', 'unitless', 'kg liveweight/head', '%', 'kg ready-to-cook weight/head']",climatebert/distilroberta-base-climate-f,functionalUnitQA,recalculated,rag
3,35,"permanent pasture producing Sheep, ewe in United Kingdom. Additional description: High sugar pasture for sheep and cattle.. Additional Context: The functional unit for the production system of permanent pasture producing sheep in the United Kingdom is 1 ewe.","[-0.3241311, -1.9274808, -1.6939518, -2.0106285, 4.54473, -1.1848581, -1.727457, 1.6074381, -1.8302413, -1.691784]","[0, 0, 0, 0, 1, 0, 0, 1, 0, 0]","[1, 0, 0, 0, 1, 0, 0, 1, 0, 0]","['kg cold carcass weight/head', '1 ha', 'kg cold dressed carcass weight/head', 'days', 'relative', 'kg', 'unitless', 'kg liveweight/head', '%', 'kg ready-to-cook weight/head']",climatebert/distilroberta-base-climate-f,functionalUnitQA,recalculated,rag
4,36,"permanent pasture producing Sheep, lamb in United Kingdom. Additional description: High sugar and white clover pasture mix for sheep and cattle.. Additional Context: The functional unit for the permanent pasture producing sheep and lamb system in the United Kingdom is 1 animal (sheep).","[-0.79603493, -1.9537867, -1.6282436, -1.8271135, 4.63183, -1.3259363, -1.6742883, 1.804684, -1.9021724, -1.6828011]","[0, 0, 0, 0, 1, 0, 0, 1, 0, 0]","[0, 0, 0, 0, 1, 0, 0, 0, 0, 0]","['kg cold carcass weight/head', '1 ha', 'kg cold dressed carcass weight/head', 'days', 'relative', 'kg', 'unitless', 'kg liveweight/head', '%', 'kg ready-to-cook weight/head']",climatebert/distilroberta-base-climate-f,functionalUnitQA,recalculated,rag
6,38,"permanent pasture producing Dairy cattle, heifer in New Zealand. Additional description: Off-site replacement cow pasture grazing from weaned calf -> 90% of mature weight (2mo -> 22mo) (2017/18). Additional Context: The functional unit for the production system is 1 mature dairy cow.","[-1.2780575, 1.3299934, -1.2658223, -0.8947649, 0.20291977, -0.93721324, -0.9084675, 0.11466413, -1.0630128, -0.97142863]","[0, 1, 0, 0, 1, 0, 0, 1, 0, 0]","[0, 1, 0, 1, 0, 0, 0, 1, 0, 0]","['kg cold carcass weight/head', '1 ha', 'kg cold dressed carcass weight/head', 'days', 'relative', 'kg', 'unitless', 'kg liveweight/head', '%', 'kg ready-to-cook weight/head']",climatebert/distilroberta-base-climate-f,functionalUnitQA,recalculated,rag
7,39,"permanent pasture producing Beef cattle, heifer in United Kingdom. Additional description: High sugar pasture for sheep and cattle.. Additional Context: The functional unit for the permanent pasture producing Beef cattle, heifer in the United Kingdom is 1 kg of live weight (LW) of beef cattle.","[2.6642928, -1.7653759, -1.605126, -1.8776214, 4.192282, -1.5922272, -1.6858171, 3.439318, -1.6063464, -1.6225725]","[1, 0, 0, 0, 1, 0, 0, 1, 0, 0]","[0, 0, 0, 0, 1, 0, 0, 1, 0, 0]","['kg cold carcass weight/head', '1 ha', 'kg cold dressed carcass weight/head', 'days', 'relative', 'kg', 'unitless', 'kg liveweight/head', '%', 'kg ready-to-cook weight/head']",climatebert/distilroberta-base-climate-f,functionalUnitQA,recalculated,rag
8,41,"permanent pasture producing Sheep, ewe in United Kingdom. Additional description: Generic grass pasture for sheep and cattle.. Additional Context: The functional unit for the production system of permanent pasture producing sheep in the United Kingdom is one animal.","[-0.32216734, -1.993152, -1.7875829, -1.9695623, 4.6100655, -1.2519878, -1.7494375, 1.4410939, -1.7948904, -1.6484994]","[0, 0, 0, 0, 1, 0, 0, 1, 0, 0]","[0, 0, 0, 0, 1, 0, 0, 0, 0, 0]","['kg cold carcass weight/head', '1 ha', 'kg cold dressed carcass weight/head', 'days', 'relative', 'kg', 'unitless', 'kg liveweight/head', '%', 'kg ready-to-cook weight/head']",climatebert/distilroberta-base-climate-f,functionalUnitQA,recalculated,rag
9,53,"animal housing producing Electricity, produced on in site, solar PV. Additional description: Kipster-Laying hens scenario 1. Additional Context: The functional unit for the Kipster-Laying hens scenario is 1 kg of live weight (LW) produced.","[-1.4519279, -1.0685291, -1.544006, -0.32757387, 3.2092705, -0.917962, -1.4067068, 0.9117947, -1.5025964, -1.5337641]","[0, 0, 0, 0, 1, 0, 0, 1, 0, 0]","[0, 0, 0, 0, 1, 0, 0, 0, 0, 0]","['kg cold carcass weight/head', '1 ha', 'kg cold dressed carcass weight/head', 'days', 'relative', 'kg', 'unitless', 'kg liveweight/head', '%', 'kg ready-to-cook weight/head']",climatebert/distilroberta-base-climate-f,functionalUnitQA,recalculated,rag
11,59,agri-food processor producing Ripened cheese in Italy. Additional Context: The functional unit for the agri-food processor producing Ripened cheese in Italy is 1 kg of Ripened cheese.,"[-1.699856, -1.5673776, -1.5879083, -1.553302, 3.8461347, -1.6606292, -1.2048017, -2.1877294, -0.33884484, -1.0664123]","[0, 0, 0, 0, 1, 0, 0, 0, 0, 0]","[0, 0, 0, 0, 1, 0, 0, 0, 1, 0]","['kg cold carcass weight/head', '1 ha', 'kg cold dressed carcass weight/head', 'days', 'relative', 'kg', 'unitless', 'kg liveweight/head', '%', 'kg ready-to-cook weight/head']",climatebert/distilroberta-base-climate-f,functionalUnitQA,recalculated,rag
12,60,"permanent pasture producing Sheep, lamb in United Kingdom. Additional description: High sugar pasture for sheep and cattle.. Additional Context: The functional unit for the production system of permanent pasture producing Sheep, lamb in United Kingdom is 1 animal.","[-0.95199126, -1.9377879, -1.6281172, -1.8378266, 4.6334662, -1.2730087, -1.6588941, 1.5694134, -1.8196638, -1.7303593]","[0, 0, 0, 0, 1, 0, 0, 1, 0, 0]","[0, 0, 0, 0, 1, 0, 0, 0, 0, 0]","['kg cold carcass weight/head', '1 ha', 'kg cold dressed carcass weight/head', 'days', 'relative', 'kg', 'unitless', 'kg liveweight/head', '%', 'kg ready-to-cook weight/head']",climatebert/distilroberta-base-climate-f,functionalUnitQA,recalculated,rag
13,68,"permanent pasture producing Meat, beef cattle (liveweight) in Colombia. Additional Context: The functional unit for the production system of permanent pasture producing meat, beef cattle (liveweight) in Colombia is 1 kg of live weight (LW) of beef cattle.","[-1.0900948, 2.0458446, -0.9350835, 0.13792281, -1.2506611, -0.54689825, -0.3212773, -0.026845165, -1.4050361, -0.49143642]","[0, 1, 0, 1, 0, 0, 0, 0, 0, 0]","[0, 1, 0, 0, 0, 0, 0, 0, 0, 0]","['kg cold carcass weight/head', '1 ha', 'kg cold dressed carcass weight/head', 'days', 'relative', 'kg', 'unitless', 'kg liveweight/head', '%', 'kg ready-to-cook weight/head']",climatebert/distilroberta-base-climate-f,functionalUnitQA,recalculated,rag
14,70,"animal housing producing Electricity, produced on in site, solar PV. Additional description: Kipster-Laying hens scenario 3. Additional Context: The functional unit for the Kipster-Laying hens scenario is 1 kg of live weight (LW) produced.","[-1.5333679, -0.9986481, -1.5344238, -0.10012745, 3.064065, -0.75134575, -1.4160856, 0.72958326, -1.4792442, -1.5804064]","[0, 0, 0, 0, 1, 0, 0, 1, 0, 0]","[0, 0, 0, 0, 1, 0, 0, 0, 0, 0]","['kg cold carcass weight/head', '1 ha', 'kg cold dressed carcass weight/head', 'days', 'relative', 'kg', 'unitless', 'kg liveweight/head', '%', 'kg ready-to-cook weight/head']",climatebert/distilroberta-base-climate-f,functionalUnitQA,recalculated,rag
15,84,"animal housing producing Beef cattle, calf (male, weaned) in United Kingdom. Additional description: Indoor cattle system.. Additional Context: The functional unit for the animal housing producing Beef cattle, calf (male, weaned) in the United Kingdom is 1 kg of live weight (LW) of beef cattle.","[-1.3000875, -1.5595249, -1.6737353, -1.5113804, 4.0756297, -1.4236609, -1.5251666, 2.0385387, -2.1256042, -1.634273]","[0, 0, 0, 0, 1, 0, 0, 1, 0, 0]","[0, 0, 0, 0, 1, 0, 0, 0, 0, 0]","['kg cold carcass weight/head', '1 ha', 'kg cold dressed carcass weight/head', 'days', 'relative', 'kg', 'unitless', 'kg liveweight/head', '%', 'kg ready-to-cook weight/head']",climatebert/distilroberta-base-climate-f,functionalUnitQA,recalculated,rag
0,5,"permanent pasture producing Sheep, ewe in United Kingdom. Additional description: Generic grass pasture for sheep and cattle.. Additional Context: The functional unit for the production system of permanent pasture producing sheep in the United Kingdom is one sheep.","[0.096865766, -1.848319, -2.036404, -2.68249, 4.6810007, -1.7034955, -2.2305174, 1.5272093, -2.3844833, -2.0894356]","[1, 0, 0, 0, 1, 0, 0, 1, 0, 0]","[0, 0, 0, 0, 1, 0, 0, 1, 0, 0]","['kg cold carcass weight/head', '1 ha', 'kg cold dressed carcass weight/head', 'days', 'relative', 'kg', 'unitless', 'kg liveweight/head', '%', 'kg ready-to-cook weight/head']",ESGBERT/EnvironmentalBERT-base,functionalUnitQA,recalculated,rag
2,11,"permanent pasture producing Sheep, ewe in United Kingdom. Additional description: Generic grass pasture for sheep and cattle.. Additional Context: The functional unit for the production system of permanent pasture producing sheep in the United Kingdom is one animal.","[0.04075712, -1.8725735, -2.0423417, -2.6778302, 4.7191463, -1.7086833, -2.2447057, 1.4519005, -2.3945312, -2.1031911]","[1, 0, 0, 0, 1, 0, 0, 1, 0, 0]","[0, 0, 0, 0, 1, 0, 0, 1, 0, 0]","['kg cold carcass weight/head', '1 ha', 'kg cold dressed carcass weight/head', 'days', 'relative', 'kg', 'unitless', 'kg liveweight/head', '%', 'kg ready-to-cook weight/head']",ESGBERT/EnvironmentalBERT-base,functionalUnitQA,recalculated,rag
8,40,"permanent pasture producing Sheep, ewe in United Kingdom. Additional description: Generic grass pasture for sheep and cattle.. Additional Context: The functional unit for the production system of permanent pasture producing sheep in the United Kingdom is one animal.","[0.040757284, -1.8725733, -2.0423422, -2.6778305, 4.7191463, -1.7086833, -2.2447057, 1.4519, -2.394531, -2.1031914]","[1, 0, 0, 0, 1, 0, 0, 1, 0, 0]","[0, 0, 0, 0, 1, 0, 0, 1, 0, 0]","['kg cold carcass weight/head', '1 ha', 'kg cold dressed carcass weight/head', 'days', 'relative', 'kg', 'unitless', 'kg liveweight/head', '%', 'kg ready-to-cook weight/head']",ESGBERT/EnvironmentalBERT-base,functionalUnitQA,recalculated,rag
1,53,"animal housing producing Electricity, produced on in site, solar PV. Additional description: Kipster-Laying hens scenario 1. Additional Context: The object of the assessment is the production of electricity from on-site solar PV and animal housing producing electricity, specifically Kipster-Laying hens scenario 1.","[-1.7788497, -0.38557923, 0.2533643, -2.258353, -1.4869913, -1.6204143, -2.210437, -1.7222892, -1.7234296, -1.5003965, -1.0850831, -2.024114, -1.8008686, -1.8956974, -1.8747733, -1.9384332, -1.6800164, -2.0405564, -1.3816619, -1.8832043, -2.2092423, -1.8494406, -1.8982605, -1.893821, -2.5341601, -1.7652103, -2.3930976, -2.3841522, -2.1684766, -1.899172, -2.0206687, -1.8417492, -1.6745402, -1.8032365, -2.2459888, -1.8066088, -1.9050598, -2.1927454, -2.2225673, -2.153705, -1.765556, -2.1306243, -2.2768283, -2.0704064, -1.3710697, -1.5544754, -1.2742977, -2.0236478, -1.7965482, -2.0644505, -2.0030286, -1.5068386, -1.5713822, -1.5643905, -1.9927903, -2.0660255, -2.5848763, -1.4638672, -1.1685411, -2.173335, -2.1420867, -2.0376668, -2.0058074, -1.3954492, -2.0360281, -2.059896, -1.9017749, -2.203529, -1.9104927, -1.7622383]","[0, 0, 1, 0, 0, 0, 0, 0, 0, 0, 0, 0, 0, 0, 0, 0, 0, 0, 0, 0, 0, 0, 0, 0, 0, 0, 0, 0, 0, 0, 0, 0, 0, 0, 0, 0, 0, 0, 0, 0, 0, 0, 0, 0, 0, 0, 0, 0, 0, 0, 0, 0, 0, 0, 0, 0, 0, 0, 0, 0, 0, 0, 0, 0, 0, 0, 0, 0, 0, 0]","[0, 0, 0, 0, 0, 0, 0, 0, 0, 0, 0, 0, 0, 0, 0, 0, 0, 0, 0, 0, 0, 0, 0, 0, 1, 0, 1, 0, 0, 0, 0, 0, 0, 0, 0, 0, 0, 0, 0, 0, 0, 0, 0, 0, 0, 0, 0, 0, 0, 0, 0, 0, 0, 0, 0, 0, 0, 0, 0, 0, 0, 0, 0, 0, 0, 0, 0, 0, 0, 0]","['Meat, beef cattle (cold carcass weight)', 'Layer chicken', 'Pig', 'Meat, beef cattle (cold dressed carcass weight)', 'Dairy cattle', 'Milk', 'Cream', 'Beef cattle, calf (male, weaned)', 'Beef cattle, cow', 'Whey, liquid', 'Wastewater (kg mass)', 'Milk, cow, raw (FPCM)', 'Meat, chicken, wings', 'Beef cattle, heifer and steer', 'Meat, dairy cattle (cold carcass weight)', 'Buttermilk', 'Pig, sow', 'Cattle, urine (kg mass)', 'Beef cattle, calf (female, weaned)', 'Yoghurt', 'Meat, beef cattle (liveweight)', 'Dairy cattle, heifer', 'Sheep, ram', 'Caciotta', 'Electricity, produced on', 'Fresh cheese', 'Electricity', 'Sheep, ewe', 'Dairy cattle, calf (male, unweaned)', 'Beef cattle, calf (weaned)', 'Meat, pig (cold dressed carcass weight)', 'Dairy cattle, calf (female, weaned)', 'Whey', 'Cattle', 'Dairy cattle, calf (weaned)', 'Dairy cattle, calf', 'Sheep', 'Meat, chicken, breast', 'Beef cattle, bull', 'Cream, cow, raw', 'Broiler chicken, hen', 'Broiler chicken, chick', 'Sheep, lamb (weaned)', 'Meat, dairy cattle (liveweight)', 'Layer chicken, pullet', 'Broiler chicken', 'Beef cattle', 'Cheese, cow', 'Eggs, hen, in shell', 'Cheese, sheep', 'Eggs', 'Layer chicken, hen', 'Sheep, lamb', 'Milk, cow, raw', 'Beef cattle, steer', 'Butter', 'Poultry by', 'Dairy cattle, cow', 'Pig, piglet', 'Meat, chicken, leg', 'Meat, chicken (cold carcass weight)', 'Whey, powder', 'Cheese', 'Soft', 'Eggs, hen, in shell (number)', 'Meat', 'Meat, chicken (liveweight)', 'Beef cattle, heifer', 'Ricotta', 'Ripened cheese']",climatebert/distilroberta-base-climate-f,productQA,recalculated,rag
2,70,"animal housing producing Electricity, produced on in site, solar PV. Additional description: Kipster-Laying hens scenario 3. Additional Context: The product of the assessment is eggs.","[-1.8187888, 0.009890538, -1.0690678, -2.1790028, -1.0891567, -1.6823907, -2.1236475, -1.3862984, -1.8165294, -1.4371581, -0.9133664, -1.9316947, -1.5628301, -1.5461026, -2.0088434, -1.9314673, -1.9224228, -1.5251454, -1.7833246, -1.7064426, -2.1995013, -1.692675, -1.4965837, -1.635187, -2.5064406, -1.4283792, -2.297417, -2.0493472, -1.8862131, -1.8384056, -2.0188124, -1.7460978, -1.6124555, -1.5538222, -2.1403146, -1.9455738, -1.5744762, -2.3007913, -2.2455122, -2.061931, -1.66918, -2.0504856, -2.5304985, -1.6587279, -1.3814659, -1.5201535, -1.5111563, -1.9616125, -0.98276305, -2.2150633, -0.6616179, -1.2825704, -1.5853875, -1.5713232, -2.0857472, -2.098194, -2.522453, -1.1584299, -1.8924431, -2.0231225, -2.1966803, -1.9434397, -1.8305466, -1.4880954, -1.4960214, -2.2540455, -1.8678243, -1.958947, -1.9142554, -1.78828]","[0, 1, 0, 0, 0, 0, 0, 0, 0, 0, 0, 0, 0, 0, 0, 0, 0, 0, 0, 0, 0, 0, 0, 0, 0, 0, 0, 0, 0, 0, 0, 0, 0, 0, 0, 0, 0, 0, 0, 0, 0, 0, 0, 0, 0, 0, 0, 0, 0, 0, 0, 0, 0, 0, 0, 0, 0, 0, 0, 0, 0, 0, 0, 0, 0, 0, 0, 0, 0, 0]","[0, 0, 0, 0, 0, 0, 0, 0, 0, 0, 0, 0, 0, 0, 0, 0, 0, 0, 0, 0, 0, 0, 0, 0, 1, 0, 1, 0, 0, 0, 0, 0, 0, 0, 0, 0, 0, 0, 0, 0, 0, 0, 0, 0, 0, 0, 0, 0, 0, 0, 0, 0, 0, 0, 0, 0, 0, 0, 0, 0, 0, 0, 0, 0, 0, 0, 0, 0, 0, 0]","['Meat, beef cattle (cold carcass weight)', 'Layer chicken', 'Pig', 'Meat, beef cattle (cold dressed carcass weight)', 'Dairy cattle', 'Milk', 'Cream', 'Beef cattle, calf (male, weaned)', 'Beef cattle, cow', 'Whey, liquid', 'Wastewater (kg mass)', 'Milk, cow, raw (FPCM)', 'Meat, chicken, wings', 'Beef cattle, heifer and steer', 'Meat, dairy cattle (cold carcass weight)', 'Buttermilk', 'Pig, sow', 'Cattle, urine (kg mass)', 'Beef cattle, calf (female, weaned)', 'Yoghurt', 'Meat, beef cattle (liveweight)', 'Dairy cattle, heifer', 'Sheep, ram', 'Caciotta', 'Electricity, produced on', 'Fresh cheese', 'Electricity', 'Sheep, ewe', 'Dairy cattle, calf (male, unweaned)', 'Beef cattle, calf (weaned)', 'Meat, pig (cold dressed carcass weight)', 'Dairy cattle, calf (female, weaned)', 'Whey', 'Cattle', 'Dairy cattle, calf (weaned)', 'Dairy cattle, calf', 'Sheep', 'Meat, chicken, breast', 'Beef cattle, bull', 'Cream, cow, raw', 'Broiler chicken, hen', 'Broiler chicken, chick', 'Sheep, lamb (weaned)', 'Meat, dairy cattle (liveweight)', 'Layer chicken, pullet', 'Broiler chicken', 'Beef cattle', 'Cheese, cow', 'Eggs, hen, in shell', 'Cheese, sheep', 'Eggs', 'Layer chicken, hen', 'Sheep, lamb', 'Milk, cow, raw', 'Beef cattle, steer', 'Butter', 'Poultry by', 'Dairy cattle, cow', 'Pig, piglet', 'Meat, chicken, leg', 'Meat, chicken (cold carcass weight)', 'Whey, powder', 'Cheese', 'Soft', 'Eggs, hen, in shell (number)', 'Meat', 'Meat, chicken (liveweight)', 'Beef cattle, heifer', 'Ricotta', 'Ripened cheese']",climatebert/distilroberta-base-climate-f,productQA,recalculated,rag
0,3,"permanent pasture producing Beef cattle, calf (female, weaned) in United Kingdom. Additional description: Generic grass pasture for sheep and cattle.. What is in the system boundary? Additional Context: The system boundary of the production system includes:- Livestock (cattle, bulls, heifers, calves, and dry cows)- Local feeds (alfalfa and maize)- Fertilizers- Irrigation- Pesticides- Machinery (roads, irrigation infrastructure, buildings, and tools)- Fuels (diesel and electricity)- Water for livestock- Manure management- Pasture production- Crop production- Animal transport- Calf production- Fattening- Breeding- Feed production- Manure- Pasture recovery- Grazing- Supplements (mineral salts)- Farm infrastructure (corral, administration building, workers' housing)- Farm operations (fertilizer application, manure application, forage production)- Farm management (farm decisions, including animal selection, feeding, and breeding)- Farm endowments (prices, farm resources)- Farm activities (cash crop and dairy production)- Farm operations (livestock management, feed planning, and animal health)- Farm infrastructure (access road, ponds, creek)- Farm management practices (animal breeding, reproduction, and slaughter)- Farm operations (animal transport, slaughter, and processing)- Farm","[4.578243, -1.8230941, 4.516764, 4.458745, 4.184555, -1.5832515, 2.1834896, -1.4173828, 4.3362803, -1.5946537, 4.5953364, 4.379377, 4.460384, -1.7026929, 4.6916485, 4.4124103, 4.2885494, -1.9516425, 4.3468614]","[1, 0, 1, 1, 1, 0, 1, 0, 1, 0, 1, 1, 1, 0, 1, 1, 1, 0, 1]","[1, 0, 1, 1, 1, 0, 0, 0, 1, 0, 1, 1, 1, 0, 1, 1, 1, 0, 1]","['True_liveAnimalInput', 'True_cropResidue', 'True_seed', 'True_product', 'True_pesticideVeterinaryDrug', 'True_excreta', 'True_freshForage', 'True_transport', 'True_animalFeed', 'True_waste', 'True_ingredient', 'True_operation', 'True_soilAmendment', 'True_material', 'True_animalPopulation', 'True_otherChemical', 'True_electricityFuel', 'True_water', 'True_fertiliser']",climatebert/distilroberta-base-climate-f,systemBoundaryQA,recalculated,rag
1,13,"permanent pasture producing Beef cattle, heifer in United Kingdom. Additional description: High sugar pasture for sheep and cattle.. What is in the system boundary? Additional Context: The system boundary of the beef production system includes:* The whole dairy herd, including lactating and dry cows, heifers, calves, and bulls* Non-lactating animals of the dairy herd (bulls for insemination and labor, female calves and heifers for replacement, and male calves and young bulls for sale)* Production of local feeds, including fertilizers, irrigation, pesticides, and machinery* Production of ancillary inputs such as fuels and electricity* Drinking water for the cattle* The equipment of the farms with roads, irrigation infrastructure, buildings, and tools (excluding small-scale infrastructure)* The production of concentrates and by-products, such as molasses and manure* The breeding and fattening of cattle* The sale of calves, heifers, and young bulls* The production of grass silage and pasture* The grazing of cattle on permanent pasture* The use of manure as fertilizer* The production of electricity and diesel fuel for agricultural operations* The transportation of cattle to and from the farm* The sale of beef and other products.","[4.6126347, -1.6581215, 4.3384337, 4.3797917, 4.244047, -1.6556752, 0.99516827, -1.5224708, 4.1514707, -1.5948138, 4.476064, 4.3004594, 4.234922, -1.7851961, 4.49994, 4.3347354, 4.1204314, -2.0507212, 4.2030463]","[1, 0, 1, 1, 1, 0, 1, 0, 1, 0, 1, 1, 1, 0, 1, 1, 1, 0, 1]","[1, 0, 1, 1, 1, 0, 0, 0, 1, 0, 1, 1, 1, 0, 1, 1, 1, 0, 1]","['True_liveAnimalInput', 'True_cropResidue', 'True_seed', 'True_product', 'True_pesticideVeterinaryDrug', 'True_excreta', 'True_freshForage', 'True_transport', 'True_animalFeed', 'True_waste', 'True_ingredient', 'True_operation', 'True_soilAmendment', 'True_material', 'True_animalPopulation', 'True_otherChemical', 'True_electricityFuel', 'True_water', 'True_fertiliser']",climatebert/distilroberta-base-climate-f,systemBoundaryQA,recalculated,rag
2,15,"agri-food processor producing Ripened cheese in Italy. Additional description: Grana Padano cheese production. What is in the system boundary? Additional Context: The system boundary of the Parmigiano-Reggiano production system includes:1. Dairy farm (Subsystem 1: Concentrated feed production, Subsystem 2: Fodder production, and Subsystem 3: Milk production)2. Raw milk transport3. Cheese making4. Product transport5. Product transport6. Product and by-products7. Emissions to Air, Water, and SoilThe system excludes:1. Land use and soil quality changes2. Production of raw milk components (rennet, starter culture, calcium chloride, and saltpetre)3. Delivery of final products to wholesale and retailers4. Consumption phase of the different products","[2.5269275, 3.0948226, 0.16847578, -0.5665377, 1.4023632, 2.6098053, 1.5955602, -0.13635652, 2.54479, -0.5075342, 1.1640633, -0.9403044, 2.0674872, -0.22018996, 1.8076001, 1.8133141, 2.4369566, 1.949781, 1.9197078]","[1, 1, 1, 0, 1, 1, 1, 0, 1, 0, 1, 0, 1, 0, 1, 1, 1, 1, 1]","[1, 1, 0, 0, 1, 1, 1, 0, 1, 0, 1, 0, 1, 0, 1, 1, 1, 1, 1]","['True_liveAnimalInput', 'True_cropResidue', 'True_seed', 'True_product', 'True_pesticideVeterinaryDrug', 'True_excreta', 'True_freshForage', 'True_transport', 'True_animalFeed', 'True_waste', 'True_ingredient', 'True_operation', 'True_soilAmendment', 'True_material', 'True_animalPopulation', 'True_otherChemical', 'True_electricityFuel', 'True_water', 'True_fertiliser']",climatebert/distilroberta-base-climate-f,systemBoundaryQA,recalculated,rag
3,20,"agri-food processor producing Ripened cheese in Italy. Additional description: Grana Padano cheese production. What is in the system boundary? Additional Context: The system boundary of the Parmigiano-Reggiano production system includes:1. Dairy farm (Subsystem 1: Concentrated feed production, Subsystem 2: Fodder production, and Subsystem 3: Milk production)2. Raw milk transport3. Cheese making4. Product transport5. Product transport6. Product and by-products7. Emissions to Air, Water, and SoilThe system excludes:1. Land use and soil quality changes2. Production of raw milk components (rennet, starter culture, calcium chloride, and saltpetre)3. Delivery of final products to wholesale and retailers4. Consumption phase of the different products","[2.526927, 3.0948224, 0.16847567, -0.56653744, 1.402364, 2.6098068, 1.5955596, -0.13635595, 2.5447903, -0.5075349, 1.1640625, -0.94030386, 2.0674872, -0.22018978, 1.8076005, 1.8133136, 2.4369576, 1.9497808, 1.9197078]","[1, 1, 1, 0, 1, 1, 1, 0, 1, 0, 1, 0, 1, 0, 1, 1, 1, 1, 1]","[1, 1, 0, 0, 1, 1, 1, 0, 1, 0, 1, 0, 1, 0, 1, 1, 1, 1, 1]","['True_liveAnimalInput', 'True_cropResidue', 'True_seed', 'True_product', 'True_pesticideVeterinaryDrug', 'True_excreta', 'True_freshForage', 'True_transport', 'True_animalFeed', 'True_waste', 'True_ingredient', 'True_operation', 'True_soilAmendment', 'True_material', 'True_animalPopulation', 'True_otherChemical', 'True_electricityFuel', 'True_water', 'True_fertiliser']",climatebert/distilroberta-base-climate-f,systemBoundaryQA,recalculated,rag
4,38,"permanent pasture producing Dairy cattle, heifer in New Zealand. Additional description: Off-site replacement cow pasture grazing from weaned calf -> 90% of mature weight (2mo -> 22mo) (2017/18). What is in the system boundary? Additional Context: The system boundary of the production system includes:- Dairy cattle- Heifers- Pasture (permanent pasture producing dairy cattle)- Off-site replacement cow pasture grazing (from weaned calf to 90% of mature weight, 2 months to 22 months)- Feed inputs: - Alfalfa - Grain premix - Other grass hays and silages- Farm inputs: - Fertilizers - Lime - Manure spreading - Irrigation - Seeding of pastures- Background processes: - Grazing - Silage production - Manure spreading - Diffuse emissions (N2O, CH4) from manure spread or deposited on pastures","[3.0601864, 2.948296, 1.2897867, 3.9733033, -1.469978, -1.3054751, 2.9716856, -1.5878646, 2.8186889, -0.8547485, 4.358274, -1.4418327, 3.2108781, -1.691029, 1.8102547, 3.832844, -0.31638113, -2.141786, 3.1782768]","[1, 1, 1, 1, 0, 0, 1, 0, 1, 0, 1, 0, 1, 0, 1, 1, 0, 0, 1]","[1, 1, 0, 1, 0, 0, 0, 0, 0, 0, 1, 0, 1, 0, 0, 1, 0, 0, 1]","['True_liveAnimalInput', 'True_cropResidue', 'True_seed', 'True_product', 'True_pesticideVeterinaryDrug', 'True_excreta', 'True_freshForage', 'True_transport', 'True_animalFeed', 'True_waste', 'True_ingredient', 'True_operation', 'True_soilAmendment', 'True_material', 'True_animalPopulation', 'True_otherChemical', 'True_electricityFuel', 'True_water', 'True_fertiliser']",climatebert/distilroberta-base-climate-f,systemBoundaryQA,recalculated,rag
5,40,"permanent pasture producing Sheep, ewe in United Kingdom. Additional description: Generic grass pasture for sheep and cattle.. What is in the system boundary? Additional Context: The system boundary includes:- On-farm production of sheep (including feed grown on the farm and imported to the farm)- Production of a range of crops- Stubble- Interrelationships between the sheep and cropping activities- Transport between processes (where explicitly shown)- Farm services- Off-farm inputs (e.g. fertiliser, pesticides, machinery)- Infrastructure (excluding construction and establishment)- Farm boundary","[4.5795755, -1.7889631, 4.524787, 4.4690332, 4.201377, -1.5423536, 2.230347, -1.4211937, 4.3880343, -1.6067151, 4.5821095, 4.3667517, 4.5096407, -1.687444, 4.6810503, 4.401155, 4.2683473, -1.9064192, 4.4026494]","[1, 0, 1, 1, 1, 0, 1, 0, 1, 0, 1, 1, 1, 0, 1, 1, 1, 0, 1]","[1, 0, 1, 1, 1, 0, 0, 0, 1, 0, 1, 1, 1, 0, 1, 1, 1, 0, 1]","['True_liveAnimalInput', 'True_cropResidue', 'True_seed', 'True_product', 'True_pesticideVeterinaryDrug', 'True_excreta', 'True_freshForage', 'True_transport', 'True_animalFeed', 'True_waste', 'True_ingredient', 'True_operation', 'True_soilAmendment', 'True_material', 'True_animalPopulation', 'True_otherChemical', 'True_electricityFuel', 'True_water', 'True_fertiliser']",climatebert/distilroberta-base-climate-f,systemBoundaryQA,recalculated,rag
6,44,"permanent pasture producing Beef cattle, calf (male, weaned) in United Kingdom. Additional description: High sugar pasture for sheep and cattle.. What is in the system boundary? Additional Context: The system boundary includes:* The production of beef cattle* The production of calf (male, weaned)* High sugar pasture for sheep and cattle* The production of feed (not specified)* The production of fertilizers* The production of pesticides* The production of electricity and diesel fuel* The production of medicines and insecticides* The production of machinery and buildings* The production of roads* The transportation of feed, fertilizers, and other inputs* The grazing and management of cattle* The production of manure* The production of grass silage* The production of concentrates* The slaughter of cattle* The processing of beef* The transportation of beef to marketNote that the system boundary does not include:* The production of milk (as it is a separate system)* The production of dairy products (as it is a separate system)* The production of other crops (such as wheat, barley, etc.)* The production of other livestock (such as sheep, pigs, etc.)* The production of other agricultural products (such as fruits, vegetables, etc.)* The production of biofuels* The production of biogenic carbon emissions* The production of carbon sequestration","[4.582785, -1.7174038, 4.4173326, 4.394373, 4.177031, -1.6237731, 1.1005949, -1.5645024, 4.19159, -1.5935466, 4.512392, 4.275663, 4.297151, -1.8138651, 4.578089, 4.3589444, 4.1933713, -1.9626833, 4.2482033]","[1, 0, 1, 1, 1, 0, 1, 0, 1, 0, 1, 1, 1, 0, 1, 1, 1, 0, 1]","[1, 0, 1, 1, 1, 0, 0, 0, 1, 0, 1, 1, 1, 0, 1, 1, 1, 0, 1]","['True_liveAnimalInput', 'True_cropResidue', 'True_seed', 'True_product', 'True_pesticideVeterinaryDrug', 'True_excreta', 'True_freshForage', 'True_transport', 'True_animalFeed', 'True_waste', 'True_ingredient', 'True_operation', 'True_soilAmendment', 'True_material', 'True_animalPopulation', 'True_otherChemical', 'True_electricityFuel', 'True_water', 'True_fertiliser']",climatebert/distilroberta-base-climate-f,systemBoundaryQA,recalculated,rag
7,46,"permanent pasture producing Beef cattle, steer in United Kingdom. Additional description: Generic grass pasture for sheep and cattle.. What is in the system boundary? Additional Context: Here is a summary of the system boundary for the beef production system:* The system boundary includes:+ Farm operations (e.g. breeding, feeding, manure management)+ Feed production (e.g. grass, cereals, soy meal)+ Land use (e.g. pasture, grazing)+ Livestock production (e.g. cattle, sheep)+ Manure management+ Transportation of animals and feed+ Processing and slaughter of animals+ Energy and fuel use (e.g. diesel, electricity)+ Water use+ Fertilizer and pesticide use+ Crop production (e.g. grass, cereals)+ Farm infrastructure (e.g. buildings, roads)+ Off-farm processes (e.g. soybean production, mineral feed supplement production)The system boundary does not include:* Impacts from transport of bulls to the slaughterhouse* Impacts from processing of the meat* Carbon sequestration and biogenic carbon emissions of locally produced feeds* Medicines and seeds* Basic infrastructure (e.g. unpaved roads, unfortified irrigation channels)","[4.649353, -1.5840813, 4.5968604, 4.4368815, 4.2114573, -1.6164684, 2.3827531, -1.4415177, 4.429321, -1.5669051, 4.6300244, 4.2882743, 4.5668206, -1.7076114, 4.710051, 4.4430947, 4.331981, -1.7715465, 4.4249215]","[1, 0, 1, 1, 1, 0, 1, 0, 1, 0, 1, 1, 1, 0, 1, 1, 1, 0, 1]","[1, 0, 1, 1, 1, 0, 0, 0, 1, 0, 1, 1, 1, 0, 1, 1, 1, 0, 1]","['True_liveAnimalInput', 'True_cropResidue', 'True_seed', 'True_product', 'True_pesticideVeterinaryDrug', 'True_excreta', 'True_freshForage', 'True_transport', 'True_animalFeed', 'True_waste', 'True_ingredient', 'True_operation', 'True_soilAmendment', 'True_material', 'True_animalPopulation', 'True_otherChemical', 'True_electricityFuel', 'True_water', 'True_fertiliser']",climatebert/distilroberta-base-climate-f,systemBoundaryQA,recalculated,rag
8,53,"animal housing producing Electricity, produced on in site, solar PV. Additional description: Kipster-Laying hens scenario 1. What is in the system boundary? Additional Context: The system boundary includes:- Manure storage in the animal house- Anaerobic digestion- Storage and field application of digestate- Produced electricity and heat from biogas- Avoided production of fossil-based electricity, heat, and mineral fertilizer- Production of substitutes for initial use of the co-substrates- Transport between several life cycle stages- Cultivation of silage maize (as a co-substrate) and the displaced barley- Impacts related to production of capital goods","[1.4633924, 3.5722048, 2.8022242, 3.0841956, -1.0551908, 2.9045308, 2.1393328, -1.4764109, 2.588344, -1.0464997, 3.5527425, -1.4526488, 3.7986221, -0.8554679, 2.7943404, 3.7952738, 2.587167, 0.88929284, 4.1586075]","[1, 1, 1, 1, 0, 1, 1, 0, 1, 0, 1, 0, 1, 0, 1, 1, 1, 1, 1]","[1, 1, 1, 1, 0, 1, 1, 0, 1, 0, 1, 0, 1, 0, 1, 1, 1, 0, 1]","['True_liveAnimalInput', 'True_cropResidue', 'True_seed', 'True_product', 'True_pesticideVeterinaryDrug', 'True_excreta', 'True_freshForage', 'True_transport', 'True_animalFeed', 'True_waste', 'True_ingredient', 'True_operation', 'True_soilAmendment', 'True_material', 'True_animalPopulation', 'True_otherChemical', 'True_electricityFuel', 'True_water', 'True_fertiliser']",climatebert/distilroberta-base-climate-f,systemBoundaryQA,recalculated,rag
9,58,"agri-food processor producing Whey, liquid in Spain. What is in the system boundary? Additional Context: The system boundary of the agri-food processor producing Whey, liquid in Spain includes:* Production of feed on supplier farms* Agricultural activities (e.g. cultivation, harvesting, manure management)* Dairy farm (including milk production, pasteurization, homogenization, and packaging)* Dairy factory (including cooling, storage, and packaging)* Transport of animal feed and milk products* WWTP (wastewater treatment plant)* Emissions from manure and agricultural activities* Energy and water usage* Agricultural machinery and equipment* Farm buildings and infrastructure* Employee transport and corporate office operationThe following is excluded from the system boundary:* Delivery of final products to wholesale and retailers* Consumption phase of the different products* Production of capital goods (e.g. equipment, machinery)* Off-farm activities (e.g. transportation of raw materials, packaging, and distribution)","[3.2047842, 1.8597568, 2.5060604, 2.7327735, 4.0673227, 3.7794678, 2.3977075, 1.5507231, 2.7806187, 0.032390997, 1.1527009, 0.19202791, 3.0858488, -0.28847224, 2.2098072, 2.8676245, 2.1151333, 1.7589276, 2.9047792]","[1, 1, 1, 1, 1, 1, 1, 1, 1, 1, 1, 1, 1, 0, 1, 1, 1, 1, 1]","[1, 1, 1, 1, 1, 1, 1, 1, 1, 0, 0, 0, 1, 0, 1, 1, 1, 1, 1]","['True_liveAnimalInput', 'True_cropResidue', 'True_seed', 'True_product', 'True_pesticideVeterinaryDrug', 'True_excreta', 'True_freshForage', 'True_transport', 'True_animalFeed', 'True_waste', 'True_ingredient', 'True_operation', 'True_soilAmendment', 'True_material', 'True_animalPopulation', 'True_otherChemical', 'True_electricityFuel', 'True_water', 'True_fertiliser']",climatebert/distilroberta-base-climate-f,systemBoundaryQA,recalculated,rag
10,59,agri-food processor producing Ripened cheese in Italy. What is in the system boundary? Additional Context: The system boundary of the production system includes:- Dairy farm- Dairy factory- Raw milk production- Concentrated feed production- Fodder production- Milk treatment- Coagulation and moulding- Salting and curing- Pressing- Packaging- Waste treatment- Emissions to: - Soil - Water  - Air,"[3.1069055, 2.7320855, 1.9805366, 1.6900097, 3.683603, 4.0106673, 2.530216, 1.3573016, 3.0885532, -0.4455316, 0.61834186, -0.77268344, 3.2840278, -0.37922716, 2.4493692, 2.4112515, 1.9757154, 1.2102346, 2.8306696]","[1, 1, 1, 1, 1, 1, 1, 1, 1, 0, 1, 0, 1, 0, 1, 1, 1, 1, 1]","[1, 1, 1, 1, 1, 1, 1, 1, 1, 1, 1, 0, 1, 0, 1, 1, 1, 1, 1]","['True_liveAnimalInput', 'True_cropResidue', 'True_seed', 'True_product', 'True_pesticideVeterinaryDrug', 'True_excreta', 'True_freshForage', 'True_transport', 'True_animalFeed', 'True_waste', 'True_ingredient', 'True_operation', 'True_soilAmendment', 'True_material', 'True_animalPopulation', 'True_otherChemical', 'True_electricityFuel', 'True_water', 'True_fertiliser']",climatebert/distilroberta-base-climate-f,systemBoundaryQA,recalculated,rag
11,70,"animal housing producing Electricity, produced on in site, solar PV. Additional description: Kipster-Laying hens scenario 3. What is in the system boundary? Additional Context: The system boundary includes:* Animal housing* Manure storage in the animal house* Anaerobic digestion* Storage and field application of digestate* Produced electricity and heat from biogas* Avoided production of fossil-based electricity, heat, and mineral fertilizer* Production of substitutes for initial use of the co-substrates* Transport between several life cycle stages* Cultivation of silage maize (as a co-substrate) and the displaced barley* Impacts related to production of capital goodsNote that pig production, veterinary medicines, cleaning products, post-production transport, processing, distribution, consumption, and waste disposal are excluded from the system boundary.","[1.2931564, 3.8943567, 2.943187, 2.9225624, -0.86555284, 3.1605167, 2.3568244, -1.5719151, 2.715022, -0.95433116, 3.5804946, -1.7536501, 3.912545, -1.0629127, 2.9000294, 3.6896226, 2.3400054, 1.0346596, 4.185568]","[1, 1, 1, 1, 0, 1, 1, 0, 1, 0, 1, 0, 1, 0, 1, 1, 1, 1, 1]","[1, 1, 1, 1, 0, 1, 1, 0, 1, 0, 1, 0, 1, 0, 1, 1, 1, 0, 1]","['True_liveAnimalInput', 'True_cropResidue', 'True_seed', 'True_product', 'True_pesticideVeterinaryDrug', 'True_excreta', 'True_freshForage', 'True_transport', 'True_animalFeed', 'True_waste', 'True_ingredient', 'True_operation', 'True_soilAmendment', 'True_material', 'True_animalPopulation', 'True_otherChemical', 'True_electricityFuel', 'True_water', 'True_fertiliser']",climatebert/distilroberta-base-climate-f,systemBoundaryQA,recalculated,rag
12,74,"permanent pasture producing Beef cattle, heifer in United Kingdom. Additional description: Generic grass pasture for sheep and cattle.. What is in the system boundary? Additional Context: The system boundary of the beef production system includes:* The whole dairy herd, including lactating and dry cows, heifers, calves, and bulls* Non-lactating animals of the dairy herd (bulls for insemination and labor, female calves and heifers for replacement, and male calves and young bulls for sale)* Production of local feeds, including fertilizers, irrigation, pesticides, and machinery* Production of ancillary inputs such as fuels and electricity* Drinking water for the cattle* The equipment of the farms with roads, irrigation infrastructure, buildings, and tools (excluding specialized tools)* The production of medicines and seeds (excluding due to lack of unit processes in LCA databases)* Carbon sequestration and biogenic carbon emissions of locally produced feeds (excluding due to vegetation cycles shorter than one year)* The fattening and cow-calf subsystems (for intensive beef production)* The breeding farm (for breeding and reproduction)* The pasture production (for grazing and forage)* The manure and feed production (for animal transport and feeding)* The fattening farm (for fattening and finishing)* The cow-calf subsystem (for backgrounding and raising)* The animal transport (for transportation of cattle to and","[4.651741, -1.6504065, 4.5720778, 4.4920254, 4.205592, -1.6281375, 2.1571012, -1.4871869, 4.412572, -1.6171516, 4.646901, 4.301149, 4.527757, -1.7222059, 4.6723385, 4.4505486, 4.298888, -1.9473287, 4.396489]","[1, 0, 1, 1, 1, 0, 1, 0, 1, 0, 1, 1, 1, 0, 1, 1, 1, 0, 1]","[1, 0, 1, 1, 1, 0, 0, 0, 1, 0, 1, 1, 1, 0, 1, 1, 1, 0, 1]","['True_liveAnimalInput', 'True_cropResidue', 'True_seed', 'True_product', 'True_pesticideVeterinaryDrug', 'True_excreta', 'True_freshForage', 'True_transport', 'True_animalFeed', 'True_waste', 'True_ingredient', 'True_operation', 'True_soilAmendment', 'True_material', 'True_animalPopulation', 'True_otherChemical', 'True_electricityFuel', 'True_water', 'True_fertiliser']",climatebert/distilroberta-base-climate-f,systemBoundaryQA,recalculated,rag
14,98," producing Broiler chicken in France. Additional description: France standard system (Fr-ST). What is in the system boundary? Additional Context: The system boundary of the Broiler chicken production system in France (Fr-ST) includes:1. Crop production2. Feed production3. Slaughterhouse4. Packaging process5. TransportThe following processes are excluded from the system boundary:1. Production of cleaning agents2. Solid-stream processing (e.g. processing of feathers, heads, feet, and viscera)3. Production of vaccines4. Production of fungicides5. Production of phosphate","[4.1208067, 3.5228825, 3.1517258, 3.1065483, 0.8387284, -1.1913697, 4.0484524, -1.2445415, 4.5036793, -0.9205685, 4.300131, -1.5428344, 3.8404465, -1.4675387, 3.957422, 1.3461431, 1.0855321, -0.725373, 3.5148325]","[1, 1, 1, 1, 1, 0, 1, 0, 1, 0, 1, 0, 1, 0, 1, 1, 1, 0, 1]","[1, 1, 1, 1, 1, 0, 1, 0, 1, 0, 1, 0, 1, 0, 1, 1, 0, 0, 1]","['True_liveAnimalInput', 'True_cropResidue', 'True_seed', 'True_product', 'True_pesticideVeterinaryDrug', 'True_excreta', 'True_freshForage', 'True_transport', 'True_animalFeed', 'True_waste', 'True_ingredient', 'True_operation', 'True_soilAmendment', 'True_material', 'True_animalPopulation', 'True_otherChemical', 'True_electricityFuel', 'True_water', 'True_fertiliser']",climatebert/distilroberta-base-climate-f,systemBoundaryQA,recalculated,rag
8,68,"permanent pasture producing Meat, beef cattle (liveweight) in Colombia. What is in the system boundary? Additional Context: Here is a summary of the relevant life cycle assessment (LCA) information:**System boundary**: The system boundary includes the production of beef cattle from birth to slaughter, from the farm to the point of transportation away from the farm gate.**Components included**:1. Feed production:* Grass silage* Cereals (e.g. spring barley, maize)* Soy meal* Minerals2. Fertilizer production3. Manure management4. Electricity and diesel fuel use5. Land use (pasture and grazing)**Exclusions**:1. Direct N2O emissions from cattle2. CO2 from enteric fermentation3. Emissions from production of medicines, insecticides, machines, buildings, and roads4. Emissions from transportation of feed and other inputs outside the system boundary**Allocation methods**:1. Energy allocation method based on energy contents of meat and milk produced2. Mass allocation method based on mass of meat and milk produced**System types**:1. Extensive (EXT) beef production system: small-scale, no fencing, cattle grazed in the same manner2. Intensive (INT) beef production system: three subsystems:","[-0.3308017, 1.2165403, 2.953882, 3.051085, -1.6266956, -1.4243082, 3.2839336, -1.354283, 3.9971817, -2.12448, 5.2471976, -1.2602838, 3.8507237, -1.6821555, 4.339281, 3.8134341, 1.7277434, -1.537506, 3.7295752]","[0, 1, 1, 1, 0, 0, 1, 0, 1, 0, 1, 0, 1, 0, 1, 1, 1, 0, 1]","[1, 1, 1, 1, 0, 0, 1, 0, 1, 0, 1, 0, 1, 0, 1, 1, 1, 0, 1]","['True_liveAnimalInput', 'True_cropResidue', 'True_seed', 'True_product', 'True_pesticideVeterinaryDrug', 'True_excreta', 'True_freshForage', 'True_transport', 'True_animalFeed', 'True_waste', 'True_ingredient', 'True_operation', 'True_soilAmendment', 'True_material', 'True_animalPopulation', 'True_otherChemical', 'True_electricityFuel', 'True_water', 'True_fertiliser']",FacebookAI/roberta-large,systemBoundaryQA,recalculated,rag
