context,logits,predicted_labels,true_labels,classes
"animal housing producing Pig, sow in Denmark. Additional description: Sows.","[-1.2995883, -1.7743044, -1.8403397, -1.7900356, -1.8767966, 1.3222841, 4.362887, -1.854921, -1.8519365, -2.2084677]","[0, 0, 0, 0, 0, 1, 1, 0, 0, 0]","[0, 0, 0, 0, 0, 0, 1, 0, 0, 0]","['days', '1 ha', 'kg', 'kg cold dressed carcass weight/head', 'kg cold carcass weight/head', 'kg liveweight/head', 'relative', 'unitless', 'kg ready-to-cook weight/head', '%']"
"animal housing producing Beef cattle, steer in Ireland. Additional description: 21MO treatment where Steers are offered grass silage ad libitum plus 1.5 kg DM of concentrate per head daily over the winter period, turned out to pasture for 175 days, finished at pasture supplemented with 5 kg DM of concentrate per head daily for 60 days and slaughtered at 21 months of age - (this is the Winter housing period).","[-1.1303779, -1.7100992, -1.4702333, -1.493359, -1.0997615, 2.6963997, 3.8765953, -1.7524663, -1.6872307, -1.8770846]","[0, 0, 0, 0, 0, 1, 1, 0, 0, 0]","[0, 0, 0, 0, 0, 1, 1, 0, 0, 0]","['days', '1 ha', 'kg', 'kg cold dressed carcass weight/head', 'kg cold carcass weight/head', 'kg liveweight/head', 'relative', 'unitless', 'kg ready-to-cook weight/head', '%']"
"animal housing producing Beef cattle, steer in United Kingdom. Additional description: Indoor cattle system..","[-1.7934005, -1.6018435, -1.3113784, -1.4392765, 2.3872352, 3.161667, 3.6920302, -1.4637213, -1.4729525, -2.0957367]","[0, 0, 0, 0, 1, 1, 1, 0, 0, 0]","[0, 0, 0, 0, 1, 1, 1, 0, 0, 0]","['days', '1 ha', 'kg', 'kg cold dressed carcass weight/head', 'kg cold carcass weight/head', 'kg liveweight/head', 'relative', 'unitless', 'kg ready-to-cook weight/head', '%']"
"animal housing producing Eggs, hen, in shell in Canada. Additional description: An enriched cage system provides a larger space allowance per bird than conventional cages, as well as access to different furnishings and enrichments within the cage, including perches, nest boxes, scratch areas, etc..","[-1.0438303, -1.1515095, 2.3276641, -0.9907517, -1.1057751, -1.6670641, 2.9407876, -1.0647441, -1.3109334, -1.5657421]","[0, 0, 1, 0, 0, 0, 1, 0, 0, 0]","[0, 0, 1, 0, 0, 0, 1, 0, 0, 0]","['days', '1 ha', 'kg', 'kg cold dressed carcass weight/head', 'kg cold carcass weight/head', 'kg liveweight/head', 'relative', 'unitless', 'kg ready-to-cook weight/head', '%']"
"permanent pasture producing Sheep, lamb (weaned) in United Kingdom. Additional description: High sugar pasture for sheep and cattle..","[-1.8694445, -1.5749439, -1.2778424, -1.4351294, 2.778957, 3.3415508, 3.6891541, -1.4615008, -1.4856752, -2.009717]","[0, 0, 0, 0, 1, 1, 1, 0, 0, 0]","[0, 0, 0, 0, 1, 1, 1, 0, 0, 0]","['days', '1 ha', 'kg', 'kg cold dressed carcass weight/head', 'kg cold carcass weight/head', 'kg liveweight/head', 'relative', 'unitless', 'kg ready-to-cook weight/head', '%']"
agri-food processor producing Ricotta in Southern Europe. Additional description: Processing and packaging cycle to transform milk into various dairy products..,"[-1.7403042, -1.5507905, -1.6792179, -1.5319234, -1.4479232, -2.1775188, 3.88426, -1.1834589, -1.1806782, -1.6700132]","[0, 0, 0, 0, 0, 0, 1, 0, 0, 0]","[0, 0, 0, 0, 0, 0, 1, 0, 0, 0]","['days', '1 ha', 'kg', 'kg cold dressed carcass weight/head', 'kg cold carcass weight/head', 'kg liveweight/head', 'relative', 'unitless', 'kg ready-to-cook weight/head', '%']"
"permanent pasture producing Sheep, lamb in United Kingdom. Additional description: Generic grass pasture for sheep and cattle..","[-1.3281615, -1.5592281, -1.5250603, -1.530886, -1.6874565, 1.8116089, 3.9844756, -1.7898709, -1.7308903, -2.1739197]","[0, 0, 0, 0, 0, 1, 1, 0, 0, 0]","[0, 0, 0, 0, 0, 1, 1, 0, 0, 0]","['days', '1 ha', 'kg', 'kg cold dressed carcass weight/head', 'kg cold carcass weight/head', 'kg liveweight/head', 'relative', 'unitless', 'kg ready-to-cook weight/head', '%']"
"agri-food processor producing Meat, chicken, leg in Netherlands. Additional description: Slaughter - Organic.","[-1.5788453, -1.5270269, -1.6353241, -1.6131992, -1.5455488, -1.7740955, 3.9324431, -1.1608522, -1.167017, -2.2069616]","[0, 0, 0, 0, 0, 0, 1, 0, 0, 0]","[0, 0, 0, 0, 0, 0, 1, 0, 0, 0]","['days', '1 ha', 'kg', 'kg cold dressed carcass weight/head', 'kg cold carcass weight/head', 'kg liveweight/head', 'relative', 'unitless', 'kg ready-to-cook weight/head', '%']"
"permanent pasture producing Beef cattle, calf (male, weaned) in United Kingdom. Additional description: High sugar and white clover pasture mix for sheep and cattle..","[-1.3417952, -1.4394199, -1.6899828, -1.6062938, -1.6186401, 2.4691236, 3.9820533, -1.9085169, -1.8311487, -2.3228793]","[0, 0, 0, 0, 0, 1, 1, 0, 0, 0]","[0, 0, 0, 0, 0, 1, 1, 0, 0, 0]","['days', '1 ha', 'kg', 'kg cold dressed carcass weight/head', 'kg cold carcass weight/head', 'kg liveweight/head', 'relative', 'unitless', 'kg ready-to-cook weight/head', '%']"
"permanent pasture producing Beef cattle, steer in United Kingdom. Additional description: High sugar and white clover pasture mix for sheep and cattle..","[-1.8306988, -1.5365499, -1.334208, -1.4619405, 2.124089, 3.0692956, 3.6706266, -1.498047, -1.5089215, -2.0425045]","[0, 0, 0, 0, 1, 1, 1, 0, 0, 0]","[0, 0, 0, 0, 1, 1, 1, 0, 0, 0]","['days', '1 ha', 'kg', 'kg cold dressed carcass weight/head', 'kg cold carcass weight/head', 'kg liveweight/head', 'relative', 'unitless', 'kg ready-to-cook weight/head', '%']"
"agri-food processor producing Cheese, cow in Italy. Additional description: Cheese processing - Alpine pasture grazing.","[-1.569246, -1.4679453, -2.1275485, -1.7381045, -1.8939055, -1.2936317, 3.927211, -1.400141, -1.3749655, -1.8065429]","[0, 0, 0, 0, 0, 0, 1, 0, 0, 0]","[0, 0, 0, 0, 0, 0, 1, 0, 0, 0]","['days', '1 ha', 'kg', 'kg cold dressed carcass weight/head', 'kg cold carcass weight/head', 'kg liveweight/head', 'relative', 'unitless', 'kg ready-to-cook weight/head', '%']"
"animal housing producing Pig, piglet in Denmark. Additional description: Sow herds-2012.","[0.6675183, -1.4989024, -1.7558916, -1.4440134, -2.5374897, 2.9239361, 3.6681771, -1.8158158, -1.8275523, -0.6995402]","[1, 0, 0, 0, 0, 1, 1, 0, 0, 0]","[1, 0, 0, 0, 0, 1, 1, 0, 0, 1]","['days', '1 ha', 'kg', 'kg cold dressed carcass weight/head', 'kg cold carcass weight/head', 'kg liveweight/head', 'relative', 'unitless', 'kg ready-to-cook weight/head', '%']"
"permanent pasture producing Beef cattle, steer in United Kingdom. Additional description: High sugar pasture for sheep and cattle..","[-1.8357699, -1.523485, -1.3287637, -1.463584, 2.0356326, 3.0544782, 3.6699786, -1.5165095, -1.5222918, -2.0565817]","[0, 0, 0, 0, 1, 1, 1, 0, 0, 0]","[0, 0, 0, 0, 1, 1, 1, 0, 0, 0]","['days', '1 ha', 'kg', 'kg cold dressed carcass weight/head', 'kg cold carcass weight/head', 'kg liveweight/head', 'relative', 'unitless', 'kg ready-to-cook weight/head', '%']"
"permanent pasture producing Beef cattle, heifer in United Kingdom. Additional description: Generic grass pasture for sheep and cattle..","[-1.8466167, -1.550938, -1.3166786, -1.4629202, 2.6644416, 3.2889204, 3.6785975, -1.4776295, -1.4661063, -2.0757635]","[0, 0, 0, 0, 1, 1, 1, 0, 0, 0]","[0, 0, 0, 0, 1, 1, 1, 0, 0, 0]","['days', '1 ha', 'kg', 'kg cold dressed carcass weight/head', 'kg cold carcass weight/head', 'kg liveweight/head', 'relative', 'unitless', 'kg ready-to-cook weight/head', '%']"
"permanent pasture producing Meat, dairy cattle (liveweight) in Brazil. Additional description: Aggregate cycle representing data from 4 farms in Zona da mata, Minas Gerais in 2019, all producing milk under a semi-confinement system, where animals spend part of each day on pasture, and the remainder confined.","[-1.723506, -0.41308358, -1.6961647, -1.5251517, -1.6176666, -2.1996446, 2.488709, -1.0678643, -1.0073562, -1.8131646]","[0, 0, 0, 0, 0, 0, 1, 0, 0, 0]","[0, 0, 0, 0, 0, 0, 1, 0, 0, 0]","['days', '1 ha', 'kg', 'kg cold dressed carcass weight/head', 'kg cold carcass weight/head', 'kg liveweight/head', 'relative', 'unitless', 'kg ready-to-cook weight/head', '%']"
"animal housing producing Pig, piglet in Germany. Additional description: Sow and piglet.","[-1.212695, -1.7607603, -1.8093258, -1.6807796, -1.8047873, 2.5085485, 4.404915, -1.9582491, -1.8004608, -2.0002418]","[0, 0, 0, 0, 0, 1, 1, 0, 0, 0]","[0, 0, 0, 0, 0, 1, 1, 0, 0, 0]","['days', '1 ha', 'kg', 'kg cold dressed carcass weight/head', 'kg cold carcass weight/head', 'kg liveweight/head', 'relative', 'unitless', 'kg ready-to-cook weight/head', '%']"
"permanent pasture producing Beef cattle, steer in Brazil. Additional description: Beef, Brachiaria brizantha pasture (Scenario 2).","[1.3145733, 2.3003747, -1.2213234, -0.77341884, -1.1948465, 2.197604, -1.1681764, -1.037342, -0.9283693, -1.3445574]","[1, 1, 0, 0, 0, 1, 0, 0, 0, 0]","[1, 1, 0, 0, 0, 1, 0, 0, 0, 0]","['days', '1 ha', 'kg', 'kg cold dressed carcass weight/head', 'kg cold carcass weight/head', 'kg liveweight/head', 'relative', 'unitless', 'kg ready-to-cook weight/head', '%']"
"permanent pasture producing Sheep, ewe in United Kingdom. Additional description: High sugar pasture for sheep and cattle..","[-1.5508595, -1.2157681, -1.3120586, -1.2681377, -0.3446322, 1.3405602, 3.0562983, -1.3756177, -1.4166769, -1.8725238]","[0, 0, 0, 0, 0, 1, 1, 0, 0, 0]","[0, 0, 0, 0, 1, 1, 1, 0, 0, 0]","['days', '1 ha', 'kg', 'kg cold dressed carcass weight/head', 'kg cold carcass weight/head', 'kg liveweight/head', 'relative', 'unitless', 'kg ready-to-cook weight/head', '%']"
"animal housing producing Milk, cow, raw (FPCM) in Denmark. Additional description: Conventional dairy.","[-1.8891577, -1.7566563, -1.4737744, -1.7852882, -1.6943891, -1.7665032, 4.29059, -1.4419515, -1.4552757, -1.3729453]","[0, 0, 0, 0, 0, 0, 1, 0, 0, 0]","[0, 0, 0, 0, 0, 0, 1, 0, 0, 0]","['days', '1 ha', 'kg', 'kg cold dressed carcass weight/head', 'kg cold carcass weight/head', 'kg liveweight/head', 'relative', 'unitless', 'kg ready-to-cook weight/head', '%']"
"permanent pasture producing Beef cattle, steer in United Kingdom. Additional description: Early maturing suckler bred bull weanlings breeds of Aberdeen Angus and Hereford sired, kept in housing to begin with and then moved to pasture before being slaughtered at 20 months of age..","[-1.766092, -1.4958049, -1.2641449, -1.4505589, 2.0838826, 3.1518195, 3.6241117, -1.4930388, -1.5551324, -1.9643791]","[0, 0, 0, 0, 1, 1, 1, 0, 0, 0]","[0, 0, 0, 0, 1, 1, 1, 0, 0, 0]","['days', '1 ha', 'kg', 'kg cold dressed carcass weight/head', 'kg cold carcass weight/head', 'kg liveweight/head', 'relative', 'unitless', 'kg ready-to-cook weight/head', '%']"
"animal housing producing Pig, sow in Germany. Additional description: Sow and piglet.","[-1.8620625, -1.4771992, -1.1063652, -1.4222801, -1.7030529, -2.230391, 3.7182877, -1.1696451, -1.1835068, -1.901356]","[0, 0, 0, 0, 0, 0, 1, 0, 0, 0]","[0, 0, 0, 0, 0, 0, 1, 0, 0, 0]","['days', '1 ha', 'kg', 'kg cold dressed carcass weight/head', 'kg cold carcass weight/head', 'kg liveweight/head', 'relative', 'unitless', 'kg ready-to-cook weight/head', '%']"
"permanent pasture producing Beef cattle, steer in United Kingdom. Additional description: Generic grass pasture for sheep and cattle..","[-1.8059154, -1.4902431, -1.326081, -1.4512237, 1.9380789, 3.0260613, 3.6124969, -1.5038967, -1.4986359, -2.0318172]","[0, 0, 0, 0, 1, 1, 1, 0, 0, 0]","[0, 0, 0, 0, 1, 1, 1, 0, 0, 0]","['days', '1 ha', 'kg', 'kg cold dressed carcass weight/head', 'kg cold carcass weight/head', 'kg liveweight/head', 'relative', 'unitless', 'kg ready-to-cook weight/head', '%']"
"permanent pasture producing Beef cattle, bull in Ireland. Additional description: 19AL treatment where Bulls are offered grass silage ad libitum plus 1.5kg dry matter DM per head daily over the Winter period, turned out to pasture for 100 days and finished indoors on a concentrate ad libitum diet for 100 days and slaughtered at 19 months of age (this is the 2nd pasture phase).","[-1.2643481, -1.4723624, -1.533455, -1.4506404, -1.1081411, 2.5108383, 3.6431544, -1.7266712, -1.6900591, -1.7534761]","[0, 0, 0, 0, 0, 1, 1, 0, 0, 0]","[0, 0, 0, 0, 0, 1, 1, 0, 0, 0]","['days', '1 ha', 'kg', 'kg cold dressed carcass weight/head', 'kg cold carcass weight/head', 'kg liveweight/head', 'relative', 'unitless', 'kg ready-to-cook weight/head', '%']"
"permanent pasture producing Beef cattle, cow in Brazil. Additional description: Beef, fertilized Guinea grass (Panicum maximum cv. Tanzânia) pasture + 75-day finishing period in confinement (Scenario 5).","[0.41477224, 0.911299, -1.9150081, -1.3528582, -1.6609958, 2.7234046, 0.915542, -1.464779, -1.3760194, -1.5340953]","[1, 1, 0, 0, 0, 1, 1, 0, 0, 0]","[0, 1, 0, 0, 0, 1, 0, 0, 0, 0]","['days', '1 ha', 'kg', 'kg cold dressed carcass weight/head', 'kg cold carcass weight/head', 'kg liveweight/head', 'relative', 'unitless', 'kg ready-to-cook weight/head', '%']"
"permanent pasture producing Meat, beef cattle (cold dressed carcass weight) in Ireland. Additional description: Alternative calf-to-beef system with a high grass utlilisation rate, where heifers are finished at 20 months and males are finished as bulls at 16 months, with a moderate stocking density of 2.2 LU/ha..","[-1.7584265, -1.7558367, -1.6801732, -1.6189511, -1.8143212, -1.9267242, 4.114439, -1.1918178, -1.0533015, -0.9716937]","[0, 0, 0, 0, 0, 0, 1, 0, 0, 0]","[0, 0, 0, 0, 0, 0, 1, 0, 0, 0]","['days', '1 ha', 'kg', 'kg cold dressed carcass weight/head', 'kg cold carcass weight/head', 'kg liveweight/head', 'relative', 'unitless', 'kg ready-to-cook weight/head', '%']"
"animal housing producing Beef cattle, calf (male, weaned) in United Kingdom. Additional description: Indoor cattle system..","[-1.5122664, -1.5390964, -1.6375585, -1.6395464, -1.3761483, 2.475101, 4.125487, -1.9537127, -1.8602947, -2.4366996]","[0, 0, 0, 0, 0, 1, 1, 0, 0, 0]","[0, 0, 0, 0, 0, 0, 1, 0, 0, 0]","['days', '1 ha', 'kg', 'kg cold dressed carcass weight/head', 'kg cold carcass weight/head', 'kg liveweight/head', 'relative', 'unitless', 'kg ready-to-cook weight/head', '%']"
"agri-food processor producing Meat, pig (cold dressed carcass weight) in Denmark. Additional description: Slaughter-2013.","[-1.7638592, -1.6301584, -1.5466872, -1.6919743, -1.5345123, -1.7449893, 4.2116776, -1.2786584, -1.2259831, -2.0134494]","[0, 0, 0, 0, 0, 0, 1, 0, 0, 0]","[0, 0, 0, 0, 0, 0, 1, 0, 0, 0]","['days', '1 ha', 'kg', 'kg cold dressed carcass weight/head', 'kg cold carcass weight/head', 'kg liveweight/head', 'relative', 'unitless', 'kg ready-to-cook weight/head', '%']"
"agri-food processor producing Meat, pig (cold dressed carcass weight) in Denmark. Additional description: Slaughter-2010.","[-1.7846856, -1.6183629, -1.5472454, -1.6992548, -1.5147518, -1.7078851, 4.1992774, -1.2901164, -1.2367004, -2.0514386]","[0, 0, 0, 0, 0, 0, 1, 0, 0, 0]","[0, 0, 0, 0, 0, 0, 1, 0, 0, 0]","['days', '1 ha', 'kg', 'kg cold dressed carcass weight/head', 'kg cold carcass weight/head', 'kg liveweight/head', 'relative', 'unitless', 'kg ready-to-cook weight/head', '%']"
animal housing producing Pig in Denmark. Additional description: Fattening Denmark Organic.,"[-1.1663488, -1.4334563, -1.7350286, -1.4690344, -0.97955626, 3.1716096, 3.7256503, -1.7394884, -1.6895952, -1.8301681]","[0, 0, 0, 0, 0, 1, 1, 0, 0, 0]","[0, 0, 0, 0, 0, 1, 1, 0, 0, 0]","['days', '1 ha', 'kg', 'kg cold dressed carcass weight/head', 'kg cold carcass weight/head', 'kg liveweight/head', 'relative', 'unitless', 'kg ready-to-cook weight/head', '%']"
"animal housing producing Pig, piglet in Germany. Additional description: Sow and piglet.","[-1.212695, -1.7607603, -1.8093258, -1.6807796, -1.8047873, 2.5085485, 4.404915, -1.9582491, -1.8004608, -2.0002418]","[0, 0, 0, 0, 0, 1, 1, 0, 0, 0]","[0, 0, 0, 0, 0, 1, 1, 0, 0, 0]","['days', '1 ha', 'kg', 'kg cold dressed carcass weight/head', 'kg cold carcass weight/head', 'kg liveweight/head', 'relative', 'unitless', 'kg ready-to-cook weight/head', '%']"
"animal housing producing Eggs, hen, in shell (number) in Thailand. Additional description: CB8-Parent farm 5.","[-0.8527442, -1.1462708, 2.019332, -1.0851984, -1.2101135, -1.8629886, 3.0392005, -1.0770091, -1.3445582, -1.8260942]","[0, 0, 1, 0, 0, 0, 1, 0, 0, 0]","[0, 0, 1, 0, 0, 0, 1, 0, 0, 0]","['days', '1 ha', 'kg', 'kg cold dressed carcass weight/head', 'kg cold carcass weight/head', 'kg liveweight/head', 'relative', 'unitless', 'kg ready-to-cook weight/head', '%']"
"animal housing producing Dairy cattle, cow in Southern Europe. Additional description: Aggregate cycle representing all 75 dairy farms sampled.","[-1.4147197, -1.5333105, -1.5806379, -1.6915603, -1.912747, -1.1264662, 4.0689206, -1.5748963, -1.4757589, -1.7667334]","[0, 0, 0, 0, 0, 0, 1, 0, 0, 0]","[0, 0, 0, 0, 0, 0, 1, 0, 0, 0]","['days', '1 ha', 'kg', 'kg cold dressed carcass weight/head', 'kg cold carcass weight/head', 'kg liveweight/head', 'relative', 'unitless', 'kg ready-to-cook weight/head', '%']"
"permanent pasture producing Meat, dairy cattle (liveweight) in Ireland.","[-1.8083061, -1.0560982, -1.5496944, -1.3891526, -1.5870382, -2.2655892, 3.3234062, -1.2349132, -1.137489, -1.6071931]","[0, 0, 0, 0, 0, 0, 1, 0, 0, 0]","[0, 0, 0, 0, 0, 0, 1, 0, 0, 0]","['days', '1 ha', 'kg', 'kg cold dressed carcass weight/head', 'kg cold carcass weight/head', 'kg liveweight/head', 'relative', 'unitless', 'kg ready-to-cook weight/head', '%']"
"permanent pasture producing Sheep, ewe in United Kingdom. Additional description: High sugar pasture for sheep and cattle..","[-1.5508595, -1.2157681, -1.3120586, -1.2681377, -0.3446322, 1.3405602, 3.0562983, -1.3756177, -1.4166769, -1.8725238]","[0, 0, 0, 0, 0, 1, 1, 0, 0, 0]","[0, 0, 0, 0, 1, 1, 1, 0, 0, 0]","['days', '1 ha', 'kg', 'kg cold dressed carcass weight/head', 'kg cold carcass weight/head', 'kg liveweight/head', 'relative', 'unitless', 'kg ready-to-cook weight/head', '%']"
"animal housing producing Broiler chicken, chick in Australia. Additional description: This cycle represent major input for breeding and hatching phase for Free Range..","[1.8265883, -1.2493807, -1.0285201, -1.3722447, -2.2285337, 0.46076027, 3.1056654, -1.48427, -1.5696604, -1.9222002]","[1, 0, 0, 0, 0, 1, 1, 0, 0, 0]","[1, 0, 0, 0, 0, 0, 1, 0, 0, 0]","['days', '1 ha', 'kg', 'kg cold dressed carcass weight/head', 'kg cold carcass weight/head', 'kg liveweight/head', 'relative', 'unitless', 'kg ready-to-cook weight/head', '%']"
agri-food processor producing Soft in ripened cheese. Additional description: Processing and packaging cycle to transform milk into various dairy products..,"[-1.8523504, -1.6401668, -1.5500164, -1.5091962, -1.3667353, -2.1851294, 3.975793, -1.177859, -1.142874, -1.6812651]","[0, 0, 0, 0, 0, 0, 1, 0, 0, 0]","[0, 0, 0, 0, 0, 0, 1, 0, 0, 0]","['days', '1 ha', 'kg', 'kg cold dressed carcass weight/head', 'kg cold carcass weight/head', 'kg liveweight/head', 'relative', 'unitless', 'kg ready-to-cook weight/head', '%']"
"permanent pasture producing Beef cattle, heifer in United Kingdom. Additional description: Generic grass pasture for sheep and cattle..","[-1.8466165, -1.5509381, -1.3166789, -1.46292, 2.6644413, 3.2889202, 3.678597, -1.4776297, -1.4661063, -2.0757632]","[0, 0, 0, 0, 1, 1, 1, 0, 0, 0]","[0, 0, 0, 0, 1, 1, 1, 0, 0, 0]","['days', '1 ha', 'kg', 'kg cold dressed carcass weight/head', 'kg cold carcass weight/head', 'kg liveweight/head', 'relative', 'unitless', 'kg ready-to-cook weight/head', '%']"
animal housing producing Layer chicken in Czech Republic. Additional description: Barn production system for egg production from laying hens.,"[-1.5389541, -1.6105943, -1.4592317, -1.56436, -1.5788344, -1.9323828, 3.970636, -1.333621, -1.253058, -2.1508467]","[0, 0, 0, 0, 0, 0, 1, 0, 0, 0]","[0, 0, 0, 0, 0, 0, 1, 0, 0, 0]","['days', '1 ha', 'kg', 'kg cold dressed carcass weight/head', 'kg cold carcass weight/head', 'kg liveweight/head', 'relative', 'unitless', 'kg ready-to-cook weight/head', '%']"
"permanent pasture producing Beef cattle, heifer in United Kingdom. Additional description: High sugar and white clover pasture mix for sheep and cattle..","[-1.8563256, -1.5873482, -1.314187, -1.4709551, 2.7414052, 3.3081853, 3.7404277, -1.4825343, -1.494007, -2.0572777]","[0, 0, 0, 0, 1, 1, 1, 0, 0, 0]","[0, 0, 0, 0, 1, 1, 1, 0, 0, 0]","['days', '1 ha', 'kg', 'kg cold dressed carcass weight/head', 'kg cold carcass weight/head', 'kg liveweight/head', 'relative', 'unitless', 'kg ready-to-cook weight/head', '%']"
"permanent pasture producing Sheep, lamb (weaned) in United Kingdom. Additional description: High sugar and white clover pasture mix for sheep and cattle..","[-1.9035399, -1.583935, -1.2830104, -1.464952, 2.7427883, 3.289934, 3.722151, -1.4710912, -1.4910847, -1.9988863]","[0, 0, 0, 0, 1, 1, 1, 0, 0, 0]","[0, 0, 0, 0, 1, 1, 1, 0, 0, 0]","['days', '1 ha', 'kg', 'kg cold dressed carcass weight/head', 'kg cold carcass weight/head', 'kg liveweight/head', 'relative', 'unitless', 'kg ready-to-cook weight/head', '%']"
 producing Pig in Germany.,"[-0.4069063, -1.5584046, -1.6700418, -1.4854409, -2.4335804, 1.8765701, 3.795658, -1.7172424, -1.6151689, 1.2846289]","[0, 0, 0, 0, 0, 1, 1, 0, 0, 1]","[0, 0, 0, 0, 0, 1, 1, 0, 0, 1]","['days', '1 ha', 'kg', 'kg cold dressed carcass weight/head', 'kg cold carcass weight/head', 'kg liveweight/head', 'relative', 'unitless', 'kg ready-to-cook weight/head', '%']"
"animal housing producing Layer chicken, pullet in Mexico. Additional description: Chick breeding (6 weeks).","[0.3474542, -0.7381622, -1.6924611, -1.6016113, -2.2598102, 1.7340593, 2.8026352, -1.7857107, -1.5877359, -2.364183]","[1, 0, 0, 0, 0, 1, 1, 0, 0, 0]","[0, 0, 0, 0, 0, 0, 1, 0, 0, 0]","['days', '1 ha', 'kg', 'kg cold dressed carcass weight/head', 'kg cold carcass weight/head', 'kg liveweight/head', 'relative', 'unitless', 'kg ready-to-cook weight/head', '%']"
"permanent pasture producing Beef cattle, heifer in United Kingdom. Additional description: Generic grass pasture for sheep and cattle..","[-1.8466161, -1.5509378, -1.3166788, -1.4629197, 2.6644409, 3.2889202, 3.6785963, -1.4776293, -1.466106, -2.0757632]","[0, 0, 0, 0, 1, 1, 1, 0, 0, 0]","[0, 0, 0, 0, 1, 1, 1, 0, 0, 0]","['days', '1 ha', 'kg', 'kg cold dressed carcass weight/head', 'kg cold carcass weight/head', 'kg liveweight/head', 'relative', 'unitless', 'kg ready-to-cook weight/head', '%']"
"animal housing producing Dairy cattle, heifer in France. Additional description: Grass and low proportion maize silage in forage area, Holstein breed. Annual milk production cycle, including all grazing and animal housing components..","[-1.1398858, -1.6779552, -2.2103322, -1.8899641, -1.6533604, -0.83378714, 4.333058, -1.7375532, -1.5560187, -1.020925]","[0, 0, 0, 0, 0, 0, 1, 0, 0, 0]","[0, 0, 0, 0, 0, 0, 1, 0, 0, 0]","['days', '1 ha', 'kg', 'kg cold dressed carcass weight/head', 'kg cold carcass weight/head', 'kg liveweight/head', 'relative', 'unitless', 'kg ready-to-cook weight/head', '%']"
"animal housing producing Pig, sow in Australia. Additional description: This cycle represents the inventory for 6 weeks of weaner production in the Northern supply chain..","[-1.2352117, -1.7840465, -1.7256159, -1.7302796, -1.9423451, 1.7281576, 4.338605, -1.8588814, -1.8984818, -1.8156264]","[0, 0, 0, 0, 0, 1, 1, 0, 0, 0]","[0, 0, 0, 0, 0, 1, 1, 0, 0, 0]","['days', '1 ha', 'kg', 'kg cold dressed carcass weight/head', 'kg cold carcass weight/head', 'kg liveweight/head', 'relative', 'unitless', 'kg ready-to-cook weight/head', '%']"
animal housing producing Layer chicken in Czech Republic. Additional description: Free range production system for egg production from laying hens.,"[-1.4526912, -1.6159904, -1.5259092, -1.5844246, -1.5580261, -1.7261688, 4.0030036, -1.392082, -1.3197981, -2.2751162]","[0, 0, 0, 0, 0, 0, 1, 0, 0, 0]","[0, 0, 0, 0, 0, 0, 1, 0, 0, 0]","['days', '1 ha', 'kg', 'kg cold dressed carcass weight/head', 'kg cold carcass weight/head', 'kg liveweight/head', 'relative', 'unitless', 'kg ready-to-cook weight/head', '%']"
"animal housing producing Milk, cow, raw (FPCM) in Italy. Additional description: Permanent Meadows Farm - representative of farms located in the Po plain where the cattle were fed principally with forage, compound feed and small quantities of alfalfa and corn feed, without silage feed and protein ingredients. In this system, the forage has spontaneously grown solely in the grassland of the farm and, during warmer seasons, has been left to dry into hay. Therefore, the milk produced is commonly known as “hay milk”, destined to produce Grana Padano cheese as well. Differentiating from the other plain systems, in PMF, meadows were never alternated with other crops, and there was no ploughing or harrowing, only mowing and irrigation. The cattle had the possibility to go in the outdoor paddock during the summer season..","[-1.7227349, -1.5219599, -1.3791249, -1.6764809, -2.172097, -2.3139393, 3.6836526, -1.212499, -1.206777, 1.4189421]","[0, 0, 0, 0, 0, 0, 1, 0, 0, 1]","[0, 0, 0, 0, 0, 0, 1, 0, 0, 1]","['days', '1 ha', 'kg', 'kg cold dressed carcass weight/head', 'kg cold carcass weight/head', 'kg liveweight/head', 'relative', 'unitless', 'kg ready-to-cook weight/head', '%']"
"permanent pasture producing Beef cattle, steer in United Kingdom. Additional description: Early maturing suckler bred bull weanlings of breeds of Aberdeen Angus and Hereford sired, kept in housing to begin with followed by time on pasture before being rehoused for a second period and being moved back to pasture for a second time and then slaughtered at 24 months of age..","[-1.7791333, -1.5196166, -1.2582192, -1.4746964, 1.9463993, 3.1323602, 3.683807, -1.5223569, -1.5732746, -1.981229]","[0, 0, 0, 0, 1, 1, 1, 0, 0, 0]","[0, 0, 0, 0, 1, 1, 1, 0, 0, 0]","['days', '1 ha', 'kg', 'kg cold dressed carcass weight/head', 'kg cold carcass weight/head', 'kg liveweight/head', 'relative', 'unitless', 'kg ready-to-cook weight/head', '%']"
permanent pasture producing Beef cattle in Brazil. Additional description: Rerfence system where feeding is performed only by grazing anfd the supply of mineral supplementation..,"[-0.5919455, -1.0298017, -2.1064718, -1.6102878, -1.3610288, 2.015958, 3.3866456, -1.6297619, -1.6258384, -1.7592574]","[0, 0, 0, 0, 0, 1, 1, 0, 0, 0]","[0, 0, 0, 0, 0, 1, 1, 0, 0, 0]","['days', '1 ha', 'kg', 'kg cold dressed carcass weight/head', 'kg cold carcass weight/head', 'kg liveweight/head', 'relative', 'unitless', 'kg ready-to-cook weight/head', '%']"
"animal housing producing Pig, piglet in Germany. Additional description: Sow and piglet.","[-1.2126949, -1.7607605, -1.8093259, -1.6807796, -1.8047872, 2.508548, 4.4049153, -1.9582493, -1.800461, -2.0002422]","[0, 0, 0, 0, 0, 1, 1, 0, 0, 0]","[0, 0, 0, 0, 0, 1, 1, 0, 0, 0]","['days', '1 ha', 'kg', 'kg cold dressed carcass weight/head', 'kg cold carcass weight/head', 'kg liveweight/head', 'relative', 'unitless', 'kg ready-to-cook weight/head', '%']"
animal housing producing Broiler chicken in Netherlands. Additional description: Broiler production - Conventional.,"[2.3294628, -1.1562575, -1.6542175, -1.1347039, -1.8078084, 2.6388106, 2.8837729, -1.4635224, -1.49648, -1.5429773]","[1, 0, 0, 0, 0, 1, 1, 0, 0, 0]","[1, 0, 0, 0, 0, 1, 1, 0, 0, 0]","['days', '1 ha', 'kg', 'kg cold dressed carcass weight/head', 'kg cold carcass weight/head', 'kg liveweight/head', 'relative', 'unitless', 'kg ready-to-cook weight/head', '%']"
"agri-food processor producing Meat, pig (cold dressed carcass weight) in Denmark. Additional description: Slaughter-2012.","[-1.7732685, -1.6329437, -1.542553, -1.7003802, -1.5243641, -1.6885192, 4.223214, -1.3022926, -1.2495989, -2.0628707]","[0, 0, 0, 0, 0, 0, 1, 0, 0, 0]","[0, 0, 0, 0, 0, 0, 1, 0, 0, 0]","['days', '1 ha', 'kg', 'kg cold dressed carcass weight/head', 'kg cold carcass weight/head', 'kg liveweight/head', 'relative', 'unitless', 'kg ready-to-cook weight/head', '%']"
"agri-food processor producing Meat, chicken (cold carcass weight) in Brazil. Additional description: Brazil - animal to meat slaughter cycle.","[-1.6989611, -1.3054665, -1.5220044, -1.4832715, -1.5486054, -2.4196262, 3.4959638, -0.7512622, -0.7695461, -1.6373028]","[0, 0, 0, 0, 0, 0, 1, 0, 0, 0]","[0, 0, 0, 0, 0, 0, 1, 0, 0, 0]","['days', '1 ha', 'kg', 'kg cold dressed carcass weight/head', 'kg cold carcass weight/head', 'kg liveweight/head', 'relative', 'unitless', 'kg ready-to-cook weight/head', '%']"
"agri-food processor producing Meat, beef cattle (cold carcass weight) in Brazil. Additional description: Meat, beef (carcass-weight) - Mate Grosso country (Acroizal, Agua Boa, Brasnorte, Canarana, Chapada dos Guimaraes, Colider, Cuiaba, Gaucha do Norte, Nobres, Pedra Preta, Rondonopolis).","[-1.7048212, -0.8973573, -1.4052647, -1.4076262, -1.3819495, -2.6771855, 2.9374254, -0.60884553, -0.6959053, -1.5843217]","[0, 0, 0, 0, 0, 0, 1, 0, 0, 0]","[0, 0, 0, 0, 0, 0, 1, 0, 0, 0]","['days', '1 ha', 'kg', 'kg cold dressed carcass weight/head', 'kg cold carcass weight/head', 'kg liveweight/head', 'relative', 'unitless', 'kg ready-to-cook weight/head', '%']"
"permanent pasture producing Milk, cow, raw in United Kingdom. Additional description: based on a stocking density of two 650kg dairy cows per hectare and includes an allowance for followers. inventory is based on cows being housed for 250 days and outdoors for 115 days.","[-1.8844566, -1.2149576, -0.8608674, -1.6212978, -2.0044124, -2.3205645, 3.1943147, -1.1589344, -1.256596, 2.300382]","[0, 0, 0, 0, 0, 0, 1, 0, 0, 1]","[0, 1, 0, 0, 0, 0, 0, 0, 0, 0]","['days', '1 ha', 'kg', 'kg cold dressed carcass weight/head', 'kg cold carcass weight/head', 'kg liveweight/head', 'relative', 'unitless', 'kg ready-to-cook weight/head', '%']"
"permanent pasture producing Sheep, ewe in United Kingdom. Additional description: High sugar and white clover pasture mix for sheep and cattle..","[-1.5528638, -1.2203224, -1.3320448, -1.2747095, -0.2794326, 1.4019814, 3.0851166, -1.371905, -1.4281917, -1.8952281]","[0, 0, 0, 0, 0, 1, 1, 0, 0, 0]","[0, 0, 0, 0, 0, 1, 1, 0, 0, 0]","['days', '1 ha', 'kg', 'kg cold dressed carcass weight/head', 'kg cold carcass weight/head', 'kg liveweight/head', 'relative', 'unitless', 'kg ready-to-cook weight/head', '%']"
"permanent pasture producing Sheep, ewe in United Kingdom. Additional description: Generic grass pasture for sheep and cattle..","[-1.5348971, -1.2047497, -1.295336, -1.2611569, -0.3594082, 1.3082154, 3.0274796, -1.3640839, -1.4055758, -1.8499967]","[0, 0, 0, 0, 0, 1, 1, 0, 0, 0]","[0, 0, 0, 0, 0, 1, 1, 0, 0, 0]","['days', '1 ha', 'kg', 'kg cold dressed carcass weight/head', 'kg cold carcass weight/head', 'kg liveweight/head', 'relative', 'unitless', 'kg ready-to-cook weight/head', '%']"
"animal housing producing Pig, piglet in Denmark. Additional description: Sow herds-2008.","[0.63416064, -1.5308161, -1.7435355, -1.4519788, -2.5105827, 2.9328568, 3.7985668, -1.8158742, -1.8422168, -0.9258319]","[1, 0, 0, 0, 0, 1, 1, 0, 0, 0]","[1, 0, 0, 0, 0, 1, 1, 0, 0, 1]","['days', '1 ha', 'kg', 'kg cold dressed carcass weight/head', 'kg cold carcass weight/head', 'kg liveweight/head', 'relative', 'unitless', 'kg ready-to-cook weight/head', '%']"
"permanent pasture producing Sheep, ewe in United Kingdom. Additional description: High sugar and white clover pasture mix for sheep and cattle..","[-1.5528637, -1.2203221, -1.3320448, -1.2747092, -0.27943262, 1.401981, 3.0851164, -1.371905, -1.4281917, -1.8952281]","[0, 0, 0, 0, 0, 1, 1, 0, 0, 0]","[0, 0, 0, 0, 0, 0, 1, 0, 0, 0]","['days', '1 ha', 'kg', 'kg cold dressed carcass weight/head', 'kg cold carcass weight/head', 'kg liveweight/head', 'relative', 'unitless', 'kg ready-to-cook weight/head', '%']"
animal housing producing Layer chicken in Czech Republic. Additional description: Organic production system for egg production from laying hens.,"[-1.5195795, -1.5487986, -1.5327535, -1.5541112, -1.5327333, -1.9092774, 3.8920393, -1.3370485, -1.2380465, -2.1361291]","[0, 0, 0, 0, 0, 0, 1, 0, 0, 0]","[0, 0, 0, 0, 0, 0, 1, 0, 0, 0]","['days', '1 ha', 'kg', 'kg cold dressed carcass weight/head', 'kg cold carcass weight/head', 'kg liveweight/head', 'relative', 'unitless', 'kg ready-to-cook weight/head', '%']"
animal housing producing Pig in Denmark. Additional description: Piglets.,"[-1.0584368, -1.7319112, -1.6901515, -1.584551, -1.5436658, 3.1277356, 4.273984, -1.8717405, -1.8343282, -1.8625655]","[0, 0, 0, 0, 0, 1, 1, 0, 0, 0]","[1, 0, 0, 0, 0, 1, 1, 0, 0, 0]","['days', '1 ha', 'kg', 'kg cold dressed carcass weight/head', 'kg cold carcass weight/head', 'kg liveweight/head', 'relative', 'unitless', 'kg ready-to-cook weight/head', '%']"
"agri-food processor producing Meat, beef cattle (cold dressed carcass weight) in Ireland.","[-1.69943, -1.4697076, -1.3402382, -1.4837693, -2.0281386, -2.691433, 3.6443856, -0.6463474, -0.80929166, 0.73802394]","[0, 0, 0, 0, 0, 0, 1, 0, 0, 1]","[0, 0, 0, 0, 0, 0, 1, 0, 0, 1]","['days', '1 ha', 'kg', 'kg cold dressed carcass weight/head', 'kg cold carcass weight/head', 'kg liveweight/head', 'relative', 'unitless', 'kg ready-to-cook weight/head', '%']"
" producing Milk, cow, raw (FPCM) in United States.","[-1.9303607, -1.4763541, -1.3925588, -1.6574591, -1.7486116, -1.9716955, 3.6120143, -1.2872823, -1.2055523, 2.2079048]","[0, 0, 0, 0, 0, 0, 1, 0, 0, 1]","[0, 0, 0, 0, 0, 0, 1, 0, 0, 1]","['days', '1 ha', 'kg', 'kg cold dressed carcass weight/head', 'kg cold carcass weight/head', 'kg liveweight/head', 'relative', 'unitless', 'kg ready-to-cook weight/head', '%']"
"agri-food processor producing Meat, beef cattle (cold carcass weight) in Ireland.","[-1.7299578, -1.4740859, -1.2900066, -1.4933802, -2.052664, -2.698213, 3.669946, -0.6656985, -0.83942884, 0.88843954]","[0, 0, 0, 0, 0, 0, 1, 0, 0, 1]","[0, 0, 0, 0, 0, 0, 1, 0, 0, 0]","['days', '1 ha', 'kg', 'kg cold dressed carcass weight/head', 'kg cold carcass weight/head', 'kg liveweight/head', 'relative', 'unitless', 'kg ready-to-cook weight/head', '%']"
"permanent pasture producing Beef cattle, calf (female, weaned) in United Kingdom. Additional description: Generic grass pasture for sheep and cattle..","[-1.3800255, -1.3178612, -1.7250779, -1.6501082, -1.6644113, 2.3748436, 3.8628094, -1.9376132, -1.8597846, -2.359182]","[0, 0, 0, 0, 0, 1, 1, 0, 0, 0]","[0, 0, 0, 0, 0, 1, 1, 0, 0, 0]","['days', '1 ha', 'kg', 'kg cold dressed carcass weight/head', 'kg cold carcass weight/head', 'kg liveweight/head', 'relative', 'unitless', 'kg ready-to-cook weight/head', '%']"
"permanent pasture producing Dairy cattle, cow in New Zealand.","[-0.8331098, 3.0209715, -0.45720166, -0.5446089, -0.7843666, -1.18112, -1.8779681, -0.74790514, -0.61435163, -0.62214243]","[0, 1, 0, 0, 0, 0, 0, 0, 0, 0]","[0, 1, 0, 0, 0, 0, 0, 0, 0, 0]","['days', '1 ha', 'kg', 'kg cold dressed carcass weight/head', 'kg cold carcass weight/head', 'kg liveweight/head', 'relative', 'unitless', 'kg ready-to-cook weight/head', '%']"
"permanent pasture producing Sheep, ewe in United Kingdom. Additional description: Generic grass pasture for sheep and cattle..","[-1.534897, -1.2047495, -1.2953361, -1.2611569, -0.35940793, 1.3082153, 3.0274794, -1.3640838, -1.4055756, -1.8499964]","[0, 0, 0, 0, 0, 1, 1, 0, 0, 0]","[0, 0, 0, 0, 1, 1, 1, 0, 0, 0]","['days', '1 ha', 'kg', 'kg cold dressed carcass weight/head', 'kg cold carcass weight/head', 'kg liveweight/head', 'relative', 'unitless', 'kg ready-to-cook weight/head', '%']"
agri-food processor producing Ripened cheese in Spain.,"[-1.6165633, -1.3184375, -1.8680328, -1.604855, -1.5970792, -2.0805507, 3.6063592, -1.0100774, -1.1182201, -1.3126739]","[0, 0, 0, 0, 0, 0, 1, 0, 0, 0]","[0, 0, 0, 0, 0, 0, 1, 0, 0, 0]","['days', '1 ha', 'kg', 'kg cold dressed carcass weight/head', 'kg cold carcass weight/head', 'kg liveweight/head', 'relative', 'unitless', 'kg ready-to-cook weight/head', '%']"
 producing Broiler chicken in Russia. Additional description: Poultry production under the conditions of the central region in european Russia.,"[1.0910147, -1.7393886, -1.8287015, -1.5794517, -2.3670232, 2.20693, 4.012143, -1.8475623, -1.7428595, -1.2760159]","[1, 0, 0, 0, 0, 1, 1, 0, 0, 0]","[0, 0, 0, 0, 0, 1, 1, 0, 0, 1]","['days', '1 ha', 'kg', 'kg cold dressed carcass weight/head', 'kg cold carcass weight/head', 'kg liveweight/head', 'relative', 'unitless', 'kg ready-to-cook weight/head', '%']"
"animal housing producing Eggs, hen, in shell in Canada. Additional description: In multi-tier free run systems, hens live either directly on the floor or within an aviary structure, with access to perches, nest and scratch areas, and other enrichments..","[-1.040582, -1.2319497, 2.2851105, -1.0514544, -1.2092552, -1.7045182, 3.0438046, -1.1420053, -1.3380872, -1.57916]","[0, 0, 1, 0, 0, 0, 1, 0, 0, 0]","[0, 0, 1, 0, 0, 0, 1, 0, 0, 0]","['days', '1 ha', 'kg', 'kg cold dressed carcass weight/head', 'kg cold carcass weight/head', 'kg liveweight/head', 'relative', 'unitless', 'kg ready-to-cook weight/head', '%']"
"animal housing producing Eggs, hen, in shell in Netherlands. Additional description: Kipster-Laying hens scenario 3.","[0.13486885, -1.6811897, 0.965052, -1.3130027, -1.6909095, -0.9401069, 3.6698775, -1.3299857, -1.6234466, -2.2081404]","[1, 0, 1, 0, 0, 0, 1, 0, 0, 0]","[0, 0, 0, 0, 0, 0, 1, 0, 0, 0]","['days', '1 ha', 'kg', 'kg cold dressed carcass weight/head', 'kg cold carcass weight/head', 'kg liveweight/head', 'relative', 'unitless', 'kg ready-to-cook weight/head', '%']"
"animal housing producing Pig, piglet in United Kingdom. Additional description: Sow England Organic.","[-1.2710887, -1.5152884, -1.624172, -1.5153552, -1.4122592, 2.621408, 3.89075, -1.749609, -1.7387118, -1.7263497]","[0, 0, 0, 0, 0, 1, 1, 0, 0, 0]","[0, 0, 0, 0, 0, 1, 1, 0, 0, 0]","['days', '1 ha', 'kg', 'kg cold dressed carcass weight/head', 'kg cold carcass weight/head', 'kg liveweight/head', 'relative', 'unitless', 'kg ready-to-cook weight/head', '%']"
" producing Milk, cow, raw (FPCM) in United States.","[-1.9303608, -1.4763542, -1.3925589, -1.657459, -1.7486116, -1.971696, 3.6120138, -1.2872822, -1.2055523, 2.2079053]","[0, 0, 0, 0, 0, 0, 1, 0, 0, 1]","[0, 0, 0, 0, 0, 0, 1, 0, 0, 1]","['days', '1 ha', 'kg', 'kg cold dressed carcass weight/head', 'kg cold carcass weight/head', 'kg liveweight/head', 'relative', 'unitless', 'kg ready-to-cook weight/head', '%']"
"permanent pasture producing Milk, cow, raw (FPCM) in Ireland. Additional description: A representative sample of Irish dairy farms..","[-1.9584554, -1.596588, -1.4246662, -1.7016608, -1.778877, -2.1214855, 3.9477372, -1.4789264, -1.3855304, 1.0365491]","[0, 0, 0, 0, 0, 0, 1, 0, 0, 1]","[0, 0, 0, 0, 0, 0, 1, 0, 0, 0]","['days', '1 ha', 'kg', 'kg cold dressed carcass weight/head', 'kg cold carcass weight/head', 'kg liveweight/head', 'relative', 'unitless', 'kg ready-to-cook weight/head', '%']"
"permanent pasture producing Beef cattle, calf (male, weaned) in France. Additional description: Beef production - France - January/February.","[-0.3152501, -1.0143343, -1.7557436, -1.4299315, -2.375235, 2.9200163, 3.3431177, -1.766858, -1.7897838, -1.966334]","[0, 0, 0, 0, 0, 1, 1, 0, 0, 0]","[0, 0, 0, 0, 0, 1, 1, 0, 0, 0]","['days', '1 ha', 'kg', 'kg cold dressed carcass weight/head', 'kg cold carcass weight/head', 'kg liveweight/head', 'relative', 'unitless', 'kg ready-to-cook weight/head', '%']"
"permanent pasture producing Beef cattle, heifer in United Kingdom. Additional description: Generic grass pasture for sheep and cattle..","[-1.8466163, -1.5509378, -1.3166785, -1.4629197, 2.664441, 3.28892, 3.6785963, -1.4776293, -1.4661062, -2.0757632]","[0, 0, 0, 0, 1, 1, 1, 0, 0, 0]","[0, 0, 0, 0, 1, 1, 1, 0, 0, 0]","['days', '1 ha', 'kg', 'kg cold dressed carcass weight/head', 'kg cold carcass weight/head', 'kg liveweight/head', 'relative', 'unitless', 'kg ready-to-cook weight/head', '%']"
"permanent pasture producing Beef cattle, steer in United Kingdom. Additional description: Generic grass pasture for sheep and cattle..","[-1.8059154, -1.4902431, -1.3260807, -1.4512236, 1.9380797, 3.0260613, 3.612497, -1.5038968, -1.4986359, -2.0318172]","[0, 0, 0, 0, 1, 1, 1, 0, 0, 0]","[0, 0, 0, 0, 1, 1, 1, 0, 0, 0]","['days', '1 ha', 'kg', 'kg cold dressed carcass weight/head', 'kg cold carcass weight/head', 'kg liveweight/head', 'relative', 'unitless', 'kg ready-to-cook weight/head', '%']"
"permanent pasture producing Sheep, lamb (weaned) in United Kingdom. Additional description: High sugar and white clover pasture mix for sheep and cattle..","[-1.9035399, -1.583935, -1.2830104, -1.464952, 2.7427883, 3.289934, 3.722151, -1.4710912, -1.4910847, -1.9988863]","[0, 0, 0, 0, 1, 1, 1, 0, 0, 0]","[0, 0, 0, 0, 1, 1, 1, 0, 0, 0]","['days', '1 ha', 'kg', 'kg cold dressed carcass weight/head', 'kg cold carcass weight/head', 'kg liveweight/head', 'relative', 'unitless', 'kg ready-to-cook weight/head', '%']"
"animal housing producing Dairy cattle, calf in China.","[1.6533595, -0.6974123, -1.524245, -0.9673497, -2.2526932, 2.2998035, 2.7061927, -1.5280938, -1.551601, -1.9255903]","[1, 0, 0, 0, 0, 1, 1, 0, 0, 0]","[0, 0, 0, 0, 0, 1, 1, 0, 0, 0]","['days', '1 ha', 'kg', 'kg cold dressed carcass weight/head', 'kg cold carcass weight/head', 'kg liveweight/head', 'relative', 'unitless', 'kg ready-to-cook weight/head', '%']"
"permanent pasture producing Hides, dairy cattle, fresh in United Kingdom. Additional description: based on a stocking density of two 650kg dairy cows per hectare and includes an allowance for followers. inventory is based on cows being housed for 250 days and outdoors for 115 days.","[-2.0886521, -1.4101511, -1.8593559, -1.8169184, -1.1620562, -0.8196282, 3.8787684, -1.5554262, -1.6324936, -1.9025373]","[0, 0, 0, 0, 0, 0, 1, 0, 0, 0]","[0, 1, 0, 0, 0, 0, 0, 0, 0, 0]","['days', '1 ha', 'kg', 'kg cold dressed carcass weight/head', 'kg cold carcass weight/head', 'kg liveweight/head', 'relative', 'unitless', 'kg ready-to-cook weight/head', '%']"
"animal housing producing Beef cattle, calf (female, weaned) in United Kingdom. Additional description: Indoor cattle system..","[-1.5319545, -1.4559866, -1.6640538, -1.7150581, -1.491515, 2.3108907, 4.083231, -1.9813727, -1.9039623, -2.4659474]","[0, 0, 0, 0, 0, 1, 1, 0, 0, 0]","[0, 0, 0, 0, 0, 1, 1, 0, 0, 0]","['days', '1 ha', 'kg', 'kg cold dressed carcass weight/head', 'kg cold carcass weight/head', 'kg liveweight/head', 'relative', 'unitless', 'kg ready-to-cook weight/head', '%']"
"permanent pasture producing Beef cattle, heifer in United Kingdom. Additional description: Generic grass pasture for sheep and cattle..","[-1.8466165, -1.5509381, -1.3166789, -1.46292, 2.6644413, 3.2889202, 3.678597, -1.4776297, -1.4661063, -2.0757632]","[0, 0, 0, 0, 1, 1, 1, 0, 0, 0]","[0, 0, 0, 0, 1, 1, 1, 0, 0, 0]","['days', '1 ha', 'kg', 'kg cold dressed carcass weight/head', 'kg cold carcass weight/head', 'kg liveweight/head', 'relative', 'unitless', 'kg ready-to-cook weight/head', '%']"
agri-food processor producing Caciotta in Southern Europe. Additional description: Processing and packaging cycle to transform milk into various dairy products..,"[-1.706455, -1.5922391, -1.7563195, -1.5909872, -1.4513893, -2.0032802, 3.9760838, -1.27467, -1.2811708, -1.774114]","[0, 0, 0, 0, 0, 0, 1, 0, 0, 0]","[0, 0, 0, 0, 0, 0, 1, 0, 0, 0]","['days', '1 ha', 'kg', 'kg cold dressed carcass weight/head', 'kg cold carcass weight/head', 'kg liveweight/head', 'relative', 'unitless', 'kg ready-to-cook weight/head', '%']"
"agri-food processor producing Meat, pig (cold dressed carcass weight) in Denmark. Additional description: Slaughter Denmark Conventional.","[-1.8525598, -1.5833672, -1.7390518, -1.681628, -1.5108852, -1.7703271, 4.015423, -1.1973679, -1.1434591, -1.8782514]","[0, 0, 0, 0, 0, 0, 1, 0, 0, 0]","[0, 0, 0, 0, 0, 0, 1, 0, 0, 0]","['days', '1 ha', 'kg', 'kg cold dressed carcass weight/head', 'kg cold carcass weight/head', 'kg liveweight/head', 'relative', 'unitless', 'kg ready-to-cook weight/head', '%']"
"animal housing producing Layer chicken, pullet in Mexico. Additional description: Bird development phase (10 weeks).","[0.40938455, -0.8538678, -1.8684646, -1.6138744, -2.3452313, 2.1294017, 2.9960775, -1.744763, -1.6587027, -2.1109579]","[1, 0, 0, 0, 0, 1, 1, 0, 0, 0]","[0, 0, 0, 0, 0, 0, 1, 0, 0, 0]","['days', '1 ha', 'kg', 'kg cold dressed carcass weight/head', 'kg cold carcass weight/head', 'kg liveweight/head', 'relative', 'unitless', 'kg ready-to-cook weight/head', '%']"
"permanent pasture producing Dairy cattle, cow in United Kingdom. Additional description: Annual production cycle of a grass-based UK dairy farm on a high sugar grass (HSG), increasingly used in UK livestock holdings..","[-1.9728261, -1.5080475, -1.639039, -1.6728631, 0.15438612, 1.9711918, 4.042598, -1.8964714, -1.7532734, -2.1409123]","[0, 0, 0, 0, 1, 1, 1, 0, 0, 0]","[1, 0, 0, 0, 0, 1, 1, 0, 0, 0]","['days', '1 ha', 'kg', 'kg cold dressed carcass weight/head', 'kg cold carcass weight/head', 'kg liveweight/head', 'relative', 'unitless', 'kg ready-to-cook weight/head', '%']"
"permanent pasture producing Sheep, lamb in United Kingdom. Additional description: High sugar and white clover pasture mix for sheep and cattle..","[-1.4303769, -1.6293336, -1.5599716, -1.5651318, -1.4972385, 1.7974869, 4.1473227, -1.8063079, -1.7394432, -2.2364132]","[0, 0, 0, 0, 0, 1, 1, 0, 0, 0]","[0, 0, 0, 0, 0, 1, 1, 0, 0, 0]","['days', '1 ha', 'kg', 'kg cold dressed carcass weight/head', 'kg cold carcass weight/head', 'kg liveweight/head', 'relative', 'unitless', 'kg ready-to-cook weight/head', '%']"
agri-food processor producing Caciotta in Southern Europe. Additional description: Processing and packaging cycle to transform milk into various dairy products..,"[-1.7064548, -1.592239, -1.7563196, -1.5909871, -1.4513897, -2.0032806, 3.976083, -1.2746699, -1.2811708, -1.7741134]","[0, 0, 0, 0, 0, 0, 1, 0, 0, 0]","[0, 0, 0, 0, 0, 0, 1, 0, 0, 0]","['days', '1 ha', 'kg', 'kg cold dressed carcass weight/head', 'kg cold carcass weight/head', 'kg liveweight/head', 'relative', 'unitless', 'kg ready-to-cook weight/head', '%']"
"permanent pasture producing Beef cattle, steer in United Kingdom. Additional description: High sugar and white clover pasture mix for sheep and cattle..","[-1.8306987, -1.53655, -1.3342083, -1.4619404, 2.124089, 3.0692954, 3.6706266, -1.498047, -1.5089215, -2.0425045]","[0, 0, 0, 0, 1, 1, 1, 0, 0, 0]","[0, 0, 0, 0, 1, 1, 1, 0, 0, 0]","['days', '1 ha', 'kg', 'kg cold dressed carcass weight/head', 'kg cold carcass weight/head', 'kg liveweight/head', 'relative', 'unitless', 'kg ready-to-cook weight/head', '%']"
"permanent pasture producing Meat, dairy cattle (liveweight) in Brazil. Additional description: Aggregate cycle representing data from 4 farms in the Central-East mesoregion on Parana in 2019, all producing milk under a semi-confinement system, where animals spend part of each day on pasture, and the remainder confined.","[-1.7481639, -0.53879076, -1.6989446, -1.5192354, -1.6251097, -2.2304835, 2.6185074, -1.0947665, -1.019415, -1.8247799]","[0, 0, 0, 0, 0, 0, 1, 0, 0, 0]","[0, 0, 0, 0, 0, 0, 1, 0, 0, 0]","['days', '1 ha', 'kg', 'kg cold dressed carcass weight/head', 'kg cold carcass weight/head', 'kg liveweight/head', 'relative', 'unitless', 'kg ready-to-cook weight/head', '%']"
"permanent pasture producing Sheep, lamb (weaned) in United Kingdom. Additional description: High sugar and white clover pasture mix for sheep and cattle..","[-1.9035399, -1.583935, -1.2830104, -1.464952, 2.7427883, 3.289934, 3.722151, -1.4710912, -1.4910847, -1.9988863]","[0, 0, 0, 0, 1, 1, 1, 0, 0, 0]","[0, 0, 0, 0, 1, 1, 1, 0, 0, 0]","['days', '1 ha', 'kg', 'kg cold dressed carcass weight/head', 'kg cold carcass weight/head', 'kg liveweight/head', 'relative', 'unitless', 'kg ready-to-cook weight/head', '%']"
"permanent pasture producing Sheep, lamb in United Kingdom. Additional description: Generic grass pasture for sheep and cattle..","[-1.3281615, -1.5592281, -1.5250603, -1.530886, -1.6874565, 1.8116089, 3.9844756, -1.7898709, -1.7308903, -2.1739197]","[0, 0, 0, 0, 0, 1, 1, 0, 0, 0]","[0, 0, 0, 0, 0, 1, 1, 0, 0, 0]","['days', '1 ha', 'kg', 'kg cold dressed carcass weight/head', 'kg cold carcass weight/head', 'kg liveweight/head', 'relative', 'unitless', 'kg ready-to-cook weight/head', '%']"
"permanent pasture producing Beef cattle, heifer in United Kingdom. Additional description: High sugar and white clover pasture mix for sheep and cattle..","[-1.8563254, -1.587348, -1.3141872, -1.470955, 2.7414052, 3.3081853, 3.740427, -1.482534, -1.4940068, -2.0572774]","[0, 0, 0, 0, 1, 1, 1, 0, 0, 0]","[0, 0, 0, 0, 0, 1, 1, 0, 0, 0]","['days', '1 ha', 'kg', 'kg cold dressed carcass weight/head', 'kg cold carcass weight/head', 'kg liveweight/head', 'relative', 'unitless', 'kg ready-to-cook weight/head', '%']"
"agri-food processor producing Cheese, cow in Italy.","[-1.5346737, -1.3107096, -1.8307674, -1.5855074, -1.8635714, -1.8365891, 3.57423, -1.1536056, -1.2296445, -1.3605611]","[0, 0, 0, 0, 0, 0, 1, 0, 0, 0]","[0, 0, 0, 0, 0, 0, 1, 0, 0, 0]","['days', '1 ha', 'kg', 'kg cold dressed carcass weight/head', 'kg cold carcass weight/head', 'kg liveweight/head', 'relative', 'unitless', 'kg ready-to-cook weight/head', '%']"
"permanent pasture producing Beef cattle, heifer in United Kingdom. Additional description: Generic grass pasture for sheep and cattle..","[-1.8466166, -1.5509381, -1.316679, -1.4629201, 2.6644413, 3.2889206, 3.678597, -1.4776297, -1.4661063, -2.0757635]","[0, 0, 0, 0, 1, 1, 1, 0, 0, 0]","[0, 0, 0, 0, 1, 1, 1, 0, 0, 0]","['days', '1 ha', 'kg', 'kg cold dressed carcass weight/head', 'kg cold carcass weight/head', 'kg liveweight/head', 'relative', 'unitless', 'kg ready-to-cook weight/head', '%']"
animal housing producing Pig in Netherlands. Additional description: Sow and piglets.,"[-1.1679926, -1.8698038, -1.7906171, -1.7142923, -1.8536066, 2.3236089, 4.531766, -2.0105424, -1.8221066, -1.7692872]","[0, 0, 0, 0, 0, 1, 1, 0, 0, 0]","[0, 0, 0, 0, 0, 1, 1, 0, 0, 0]","['days', '1 ha', 'kg', 'kg cold dressed carcass weight/head', 'kg cold carcass weight/head', 'kg liveweight/head', 'relative', 'unitless', 'kg ready-to-cook weight/head', '%']"
"animal housing producing Layer chicken, pullet in Czech Republic. Additional description: Chicks are reared until young hens (pullets).","[-1.1739682, -1.4937993, -0.9136431, -1.5686984, -1.7571718, -1.7216331, 3.874877, -1.3435726, -1.4137056, -2.2198355]","[0, 0, 0, 0, 0, 0, 1, 0, 0, 0]","[0, 0, 0, 0, 0, 0, 1, 0, 0, 0]","['days', '1 ha', 'kg', 'kg cold dressed carcass weight/head', 'kg cold carcass weight/head', 'kg liveweight/head', 'relative', 'unitless', 'kg ready-to-cook weight/head', '%']"
"agri-food processor producing Meat, beef cattle (cold carcass weight) in Brazil. Additional description: Meat, beef (carcass-weight) - Scenario 2.","[-1.6520218, -1.146577, -1.467456, -1.4338187, -1.4990805, -2.564035, 3.2599115, -0.686606, -0.7523041, -1.6477237]","[0, 0, 0, 0, 0, 0, 1, 0, 0, 0]","[0, 0, 0, 0, 0, 0, 1, 0, 0, 0]","['days', '1 ha', 'kg', 'kg cold dressed carcass weight/head', 'kg cold carcass weight/head', 'kg liveweight/head', 'relative', 'unitless', 'kg ready-to-cook weight/head', '%']"
"permanent pasture producing Beef cattle, steer in United Kingdom. Additional description: High sugar and white clover pasture mix for sheep and cattle..","[-1.8306988, -1.5365499, -1.3342079, -1.4619406, 2.1240895, 3.0692954, 3.6706262, -1.4980469, -1.5089214, -2.0425045]","[0, 0, 0, 0, 1, 1, 1, 0, 0, 0]","[0, 0, 0, 0, 1, 1, 1, 0, 0, 0]","['days', '1 ha', 'kg', 'kg cold dressed carcass weight/head', 'kg cold carcass weight/head', 'kg liveweight/head', 'relative', 'unitless', 'kg ready-to-cook weight/head', '%']"
"animal housing producing Pig, piglet in Denmark. Additional description: Sow herds-2016.","[0.7050779, -1.5395108, -1.6869973, -1.4144337, -2.5917373, 2.8846753, 3.663331, -1.8342594, -1.795714, -0.54999393]","[1, 0, 0, 0, 0, 1, 1, 0, 0, 0]","[1, 0, 0, 0, 0, 1, 1, 0, 0, 1]","['days', '1 ha', 'kg', 'kg cold dressed carcass weight/head', 'kg cold carcass weight/head', 'kg liveweight/head', 'relative', 'unitless', 'kg ready-to-cook weight/head', '%']"
"agri-food processor producing Meat, chicken (cold carcass weight) in Thailand. Additional description: Frozen processing factory.","[-1.600519, -1.440193, -1.4883277, -1.5943942, -1.5703751, -2.100791, 3.8132844, -1.1535748, -1.1891283, -1.9512773]","[0, 0, 0, 0, 0, 0, 1, 0, 0, 0]","[0, 0, 0, 0, 0, 0, 1, 0, 0, 0]","['days', '1 ha', 'kg', 'kg cold dressed carcass weight/head', 'kg cold carcass weight/head', 'kg liveweight/head', 'relative', 'unitless', 'kg ready-to-cook weight/head', '%']"
"animal housing producing Milk, cow, raw (FPCM) in Spain. Additional description: Pasture-based milk cycle.","[-1.5512996, -1.5507463, -1.4185628, -1.6618334, -1.8031517, -2.0904968, 3.7878275, -1.1310118, -1.219951, -1.3204195]","[0, 0, 0, 0, 0, 0, 1, 0, 0, 0]","[0, 0, 0, 0, 0, 0, 1, 0, 0, 0]","['days', '1 ha', 'kg', 'kg cold dressed carcass weight/head', 'kg cold carcass weight/head', 'kg liveweight/head', 'relative', 'unitless', 'kg ready-to-cook weight/head', '%']"
"permanent pasture producing Beef cattle, heifer in France. Additional description: Beef production - France - November/December.","[-1.1445099, -1.5243207, -1.7623465, -1.402962, -1.0125444, 3.005782, 3.8557248, -1.797852, -1.8368274, -1.8301343]","[0, 0, 0, 0, 0, 1, 1, 0, 0, 0]","[0, 0, 0, 0, 0, 1, 1, 0, 0, 0]","['days', '1 ha', 'kg', 'kg cold dressed carcass weight/head', 'kg cold carcass weight/head', 'kg liveweight/head', 'relative', 'unitless', 'kg ready-to-cook weight/head', '%']"
"animal housing producing Broiler chicken, hen in Thailand. Additional description: CB2-Parent farm 1.","[2.1811578, -0.7406963, 0.024314335, -0.6858481, -1.4809316, -0.85499483, 2.0434206, -0.66164666, -1.0917252, -1.541544]","[1, 0, 1, 0, 0, 0, 1, 0, 0, 0]","[1, 0, 0, 0, 0, 0, 1, 0, 0, 0]","['days', '1 ha', 'kg', 'kg cold dressed carcass weight/head', 'kg cold carcass weight/head', 'kg liveweight/head', 'relative', 'unitless', 'kg ready-to-cook weight/head', '%']"
